初中学校,招生学校,录取最低分     (含学业考总成绩和综合素质评价成绩),是否同分优待,末位录取考生成绩,末位录取考生成绩,末位录取考生成绩,末位录取考生成绩
初中学校,招生学校,录取最低分     (含学业考总成绩和综合素质评价成绩),是否同分优待,语数外,数学,语文,综合测试
上海市建平中学西校,上海中学东校,731,否,399.5,124,134,136
上海市建平中学西校,上海市建平中学,751,否,413.5,137,134,142
上海市建平中学西校,上海市进才中学,740.5,否,404,128,131,145
上海市建平中学西校,上海南汇中学,705.5,否,384,125,117,130
上海市建平中学西校,上海市浦东复旦附中分校,755.5,否,416.5,135,136,145
上海市建平中学西校,上海市洋泾中学,728.5,否,407.5,131,133,131
上海市建平中学西校,上海市高桥中学,714.5,否,392.5,126,126,130
上海市建平中学西校,上海市川沙中学,718.5,否,400.5,119,139,122
上海市进才中学北校,上海交通大学附属中学,756,否,423,141,133,138
上海市进才中学北校,上海中学东校,727,否,403,131,132,134
上海市进才中学北校,上海市建平中学,751,否,411.5,147,126,144
上海市进才中学北校,上海市进才中学,745,否,406.5,126,136,143
上海市进才中学北校,上海南汇中学,708.5,否,381.5,120,127,135
上海市进才中学北校,上海市浦东复旦附中分校,754.5,否,420.5,140,136,140
上海市进才中学北校,上海市洋泾中学,724,否,400.5,130,131,130
上海市进才中学北校,上海市高桥中学,711.5,否,389,112,133,129
上海市进才中学北校,上海市川沙中学,718.5,否,394,119,134,130
华东师范大学附属东昌中学南校,上海中学东校,725,否,395.5,126,129,136
华东师范大学附属东昌中学南校,上海市建平中学,745.5,否,428.5,147,135,131
华东师范大学附属东昌中学南校,上海市进才中学,740,否,397,125,127,147
华东师范大学附属东昌中学南校,华东师范大学第二附属中学,757.5,否,420.5,140,134,144
华东师范大学附属东昌中学南校,上海南汇中学,703,否,388.5,135,117,131
华东师范大学附属东昌中学南校,上海市浦东复旦附中分校,751.5,否,418,138,133,140
华东师范大学附属东昌中学南校,上海市洋泾中学,730.5,否,396.5,124,133,140
华东师范大学附属东昌中学南校,上海市高桥中学,701,否,384.5,125,126,127
华东师范大学附属东昌中学南校,上海市川沙中学,725,否,401,126,136,133
上海市洋泾中学东校,上海中学东校,725.5,否,406,131,132,140
上海市洋泾中学东校,上海市建平中学,726,否,404.5,132,129,131
初中学校,招生学校,录取最低分     (含学业考总成绩和综合素质评价成绩),是否同分优待,语数外,数学,语文,综合测试
上海市洋泾中学东校,上海市进才中学,728.5,否,394,124,126,139
上海市洋泾中学东校,华东师范大学第二附属中学,752,否,419.5,141,132,135
上海市洋泾中学东校,上海南汇中学,703,否,392.5,121,129,121
上海市洋泾中学东校,上海市浦东复旦附中分校,732.5,否,403,127,136,136
上海市洋泾中学东校,上海市洋泾中学,724,否,400.5,128,134,135
上海市洋泾中学东校,上海市高桥中学,711,否,387,123,128,132
上海市洋泾中学东校,上海市川沙中学,718,否,388,127,125,144
上海市上南中学东校,上海中学东校,731.5,否,397,126,129,140
上海市上南中学东校,上海市建平中学,742.5,否,412.5,130,135,133
上海市上南中学东校,上海市进才中学,740.5,否,409.5,138,125,138
上海市上南中学东校,上海南汇中学,701,否,385,126,124,123
上海市上南中学东校,上海市浦东复旦附中分校,751,否,412,129,135,140
上海市上南中学东校,上海市洋泾中学,726.5,否,399,125,131,133
上海市上南中学东校,上海市高桥中学,707,否,386.5,127,126,123
上海市上南中学东校,上海市川沙中学,724,否,407,131,133,133
上海市上南中学北校,上海中学东校,715.5,否,394.5,120,130,127
上海市上南中学北校,上海市建平中学,741,否,410.5,133,134,135
上海市上南中学北校,上海市进才中学,727.5,否,397,130,132,139
上海市上南中学北校,华东师范大学第二附属中学,742.5,否,414.5,144,128,142
上海市上南中学北校,上海南汇中学,685,否,374.5,112,128,119
上海市上南中学北校,上海市浦东复旦附中分校,721,否,393,129,126,140
上海市上南中学北校,上海市洋泾中学,713,否,399.5,127,128,128
上海市上南中学北校,上海市高桥中学,705.5,否,392,121,127,125
上海市上南中学北校,上海市川沙中学,709,否,387.5,126,123,134
上海市三林中学北校,上海中学东校,730,否,402,130,131,135
上海市三林中学北校,上海市建平中学,737.5,否,402,133,129,144
上海市三林中学北校,上海市进才中学,730.5,否,408,138,132,133
上海市三林中学北校,华东师范大学第二附属中学,748.5,否,415.5,134,136,139
上海市三林中学北校,上海南汇中学,704,否,387.5,110,135,130
上海市三林中学北校,上海市浦东复旦附中分校,717.5,否,395.5,129,126,132
初中学校,招生学校,录取最低分     (含学业考总成绩和综合素质评价成绩),是否同分优待,语数外,数学,语文,综合测试
上海市三林中学北校,上海市洋泾中学,720.5,否,399,121,132,131
上海市三林中学北校,上海市高桥中学,716.5,否,382.5,116,130,142
上海市三林中学北校,上海市川沙中学,717,否,389,121,126,134
上海市洪山中学,上海中学东校,711.5,否,400.5,130,130,125
上海市洪山中学,上海市建平中学,743.5,否,409.5,138,129,139
上海市洪山中学,上海市进才中学,739,否,414.5,142,131,134
上海市洪山中学,上海南汇中学,707,否,379.5,107,133,133
上海市洪山中学,上海市浦东复旦附中分校,739.5,否,410,129,136,135
上海市洪山中学,上海市洋泾中学,722.5,否,400,124,132,131
上海市洪山中学,上海市高桥中学,701,否,377.5,120,125,131
上海市洪山中学,上海市川沙中学,723,否,397.5,125,130,133
上海市上南中学南校,上海市上海中学,743,否,417,141,131,135
上海市上南中学南校,上海中学东校,733,否,396,128,131,142
上海市上南中学南校,上海市建平中学,735,否,404.5,131,130,138
上海市上南中学南校,上海市进才中学,743,否,407,129,134,142
上海市上南中学南校,上海南汇中学,723.5,否,392.5,125,131,145
上海市上南中学南校,上海市浦东复旦附中分校,741.5,否,404,136,132,143
上海市上南中学南校,上海市洋泾中学,720.5,否,394.5,133,124,137
上海市上南中学南校,上海市高桥中学,714.5,否,392.5,120,134,132
上海市上南中学南校,上海市川沙中学,712,否,394,128,124,127
上海市清流中学,上海中学东校,742,否,416.5,136,136,136
上海市清流中学,上海市建平中学,744.5,否,404,128,129,143
上海市清流中学,上海市进才中学,739.5,否,409,129,134,136
上海市清流中学,上海南汇中学,707.5,否,395,126,131,131
上海市清流中学,上海市浦东复旦附中分校,744,否,416,141,134,133
上海市清流中学,上海市洋泾中学,724,否,402.5,126,133,132.5
上海市清流中学,上海市高桥中学,708.5,否,385,119,131,132
上海市清流中学,上海市川沙中学,723.5,否,399.5,125,129,133
上海市浦泾中学,上海中学东校,707,否,381.5,112,127,133
上海市浦泾中学,上海市建平中学,735.5,否,402,126,134,139
初中学校,招生学校,录取最低分     (含学业考总成绩和综合素质评价成绩),是否同分优待,语数外,数学,语文,综合测试
上海市浦泾中学,上海市进才中学,731.5,否,404.5,134,127,132
上海市浦泾中学,上海南汇中学,694.5,否,382.5,107,133,122
上海市浦泾中学,上海市浦东复旦附中分校,751.5,否,413,134,133,143
上海市浦泾中学,上海市洋泾中学,712.5,否,385.5,127,131,130
上海市浦泾中学,上海市高桥中学,708,否,384.5,113,130,129
上海市浦泾中学,上海市川沙中学,699,否,379,114,126,127
上海市浦泾中学,上海市实验学校,715.5,否,384.5,121,124,137
上海交通大学附属浦东实验中学北校,上海交通大学附属中学,748,否,417,144,127,135
上海交通大学附属浦东实验中学北校,上海中学东校,723.5,否,395,125,126,137
上海交通大学附属浦东实验中学北校,上海市建平中学,738,否,414.5,131,138,132
上海交通大学附属浦东实验中学北校,上海市进才中学,740.5,否,410,138,128,139
上海交通大学附属浦东实验中学北校,上海南汇中学,717,否,394.5,123,130,129
上海交通大学附属浦东实验中学北校,上海市浦东复旦附中分校,742,否,416,143,131,140.5
上海交通大学附属浦东实验中学北校,上海市洋泾中学,711.5,否,386,122,127,136
上海交通大学附属浦东实验中学北校,上海市高桥中学,707.5,否,384.5,130,119,130
上海交通大学附属浦东实验中学北校,上海市川沙中学,711.5,否,391,131,125,136
上海市浦东新区教育学院附属实验中学,上海中学东校,697.5,否,374.5,111,131,133
上海市浦东新区教育学院附属实验中学,上海市建平中学,706,否,382.5,118,122,135
上海市浦东新区教育学院附属实验中学,上海市进才中学,704,否,381.5,113,134,128
上海市浦东新区教育学院附属实验中学,上海南汇中学,681,否,370,113,132,123
上海市浦东新区教育学院附属实验中学,上海市浦东复旦附中分校,716.5,否,390.5,123,132,133
上海市浦东新区教育学院附属实验中学,上海市洋泾中学,661,否,355.5,115,126,114
上海市浦东新区教育学院附属实验中学,上海市高桥中学,698,否,372,120,126,134
上海市浦东新区教育学院附属实验中学,上海市川沙中学,699.5,否,385.5,128,130,124
上海市洋泾中学南校,上海中学东校,726,否,398.5,122,132,133
上海市洋泾中学南校,上海市建平中学,744.5,否,415.5,137,133,134
上海市洋泾中学南校,上海市进才中学,745.5,否,408,135,129,145
上海市洋泾中学南校,上海南汇中学,705.5,否,391,134,119,128
上海市洋泾中学南校,上海市浦东复旦附中分校,757.5,否,421.5,145,130,140
上海市洋泾中学南校,上海师范大学附属中学,723.5,否,396.5,121,134,139
初中学校,招生学校,录取最低分     (含学业考总成绩和综合素质评价成绩),是否同分优待,语数外,数学,语文,综合测试
上海市洋泾中学南校,上海市洋泾中学,735.5,否,409.5,138,129,134
上海市洋泾中学南校,上海市高桥中学,708,否,384.5,116,132,134
上海市洋泾中学南校,上海市川沙中学,715,否,388,123,123,137
上海市东昌东校,上海中学东校,714,否,390.5,126,125,139
上海市东昌东校,上海市建平中学,735,否,405,140,125,142
上海市东昌东校,上海市进才中学,743,否,413,136,136,137
上海市东昌东校,上海南汇中学,712,否,383,116,130,141
上海市东昌东校,上海市浦东复旦附中分校,729,否,404.5,129,133,131
上海市东昌东校,上海师范大学附属中学,704,否,385,124,126,130
上海市东昌东校,上海市洋泾中学,705.5,否,381,124,122,131
上海市东昌东校,上海市高桥中学,704,否,379.5,120,119,126
上海市东昌东校,上海市川沙中学,703.5,否,382.5,121,127,130
上海市罗山中学,上海中学东校,740,否,415,135,138,132
上海市罗山中学,上海市建平中学,743,否,409,135,132,140
上海市罗山中学,上海市进才中学,737,否,410,129,135,138
上海市罗山中学,上海南汇中学,707.5,否,386.5,117,125,132
上海市罗山中学,上海市浦东复旦附中分校,737,否,399.5,126,132,143
上海市罗山中学,上海市洋泾中学,726,否,408,136,127,137
上海市罗山中学,上海市高桥中学,717.5,否,388.5,119,130,136.5
上海市罗山中学,上海市川沙中学,720,否,393.5,121,132,132
上海市金杨中学,复旦大学附属中学,752,否,412.5,132,133,146
上海市金杨中学,上海中学东校,706.5,否,390,122,128,123
上海市金杨中学,上海市建平中学,742,否,406,134,129,138
上海市金杨中学,上海市进才中学,725,否,398.5,138,120,134
上海市金杨中学,上海南汇中学,706.5,否,383,129,124,134
上海市金杨中学,上海市浦东复旦附中分校,745.5,否,411.5,142,125,140
上海市金杨中学,上海市洋泾中学,723.5,否,401.5,136,128,130
上海市金杨中学,上海市高桥中学,714,否,394,137,115,132
上海市金杨中学,上海市川沙中学,735.5,否,404.5,146,121,138
上海市金川中学,上海交通大学附属中学,726.5,否,393,128,123,141
初中学校,招生学校,录取最低分     (含学业考总成绩和综合素质评价成绩),是否同分优待,语数外,数学,语文,综合测试
上海市金川中学,上海中学东校,696,否,382,115,131,125
上海市金川中学,上海市建平中学,711,否,391.5,128,129,129
上海市金川中学,上海市进才中学,701,否,373.5,124,118,140
上海市金川中学,上海南汇中学,686.5,否,380,122,124,119
上海市金川中学,上海市浦东复旦附中分校,723.5,否,392.5,121,133,138
上海市金川中学,上海市洋泾中学,672,否,370.5,112,122,115
上海市金川中学,上海市高桥中学,680,否,376,116,124,119
上海市华林中学,上海中学东校,706.5,否,386.5,122,131,128
上海市华林中学,上海市建平中学,732.5,否,403.5,131,132,136
上海市华林中学,上海市进才中学,735.5,否,399.5,130,125,138
上海市华林中学,华东师范大学第二附属中学,756,否,414.5,141,129,148
上海市华林中学,上海南汇中学,704.5,否,390.5,120,128,124
上海市华林中学,上海市浦东复旦附中分校,743,否,409,138,129,142
上海市华林中学,上海市洋泾中学,732,否,403.5,126,135,137
上海市华林中学,上海市高桥中学,721.5,否,393,121,134,134
上海市华林中学,上海市川沙中学,704.5,否,379.5,123,124,133.5
上海市孙桥中学,上海市上海中学,703.5,否,384.5,120,124,129
上海市孙桥中学,上海中学东校,681,否,365,108,122,127.5
上海市孙桥中学,上海市建平中学,709.5,否,386.5,117,129,136
上海市孙桥中学,上海市进才中学,688,否,379,113,126,122
上海市孙桥中学,上海南汇中学,696.5,否,383,123,123,129
上海市孙桥中学,上海市浦东复旦附中分校,730.5,否,396.5,118,135,139
上海市孙桥中学,上海市洋泾中学,698,否,379.5,125,125,129
上海市孙桥中学,上海市高桥中学,679,否,369,114,123,126
上海市孙桥中学,上海市川沙中学,704.5,否,382.5,115,128,129
上海市育人中学,上海中学东校,734.5,否,406.5,131,131,134
上海市育人中学,上海市建平中学,736,否,407.5,133,135,135
上海市育人中学,上海市进才中学,734.5,否,401.5,132,127,141
上海市育人中学,上海南汇中学,708,否,391,115,131,129
上海市育人中学,上海市浦东复旦附中分校,722,否,392,116,131,138
初中学校,招生学校,录取最低分     (含学业考总成绩和综合素质评价成绩),是否同分优待,语数外,数学,语文,综合测试
上海市育人中学,上海市洋泾中学,725.5,否,402,124,133,129
上海市育人中学,上海市高桥中学,703.5,否,377.5,119,129,131
上海市育人中学,上海市川沙中学,702.5,否,390.5,120,130,121
上海市东林中学,复旦大学附属中学,695.5,否,389.5,122,127,120
上海市东林中学,上海中学东校,702.5,否,391,118,134,119
上海市东林中学,上海市建平中学,730.5,否,400,127,131,136
上海市东林中学,上海市进才中学,718.5,否,398,122,133,122
上海市东林中学,上海南汇中学,716,否,397,127,132,127
上海市东林中学,上海市浦东复旦附中分校,711.5,否,388,120,130,131
上海市东林中学,上海市洋泾中学,709.5,否,385.5,121,129,131
上海市东林中学,上海市高桥中学,696.5,否,390.5,121,125,118
上海市东林中学,上海市川沙中学,716.5,否,395,127,129,126
上海市施湾中学,上海中学东校,691,否,374.5,109,138,129
上海市施湾中学,上海市建平中学,718.5,否,394,135,124,133
上海市施湾中学,上海市进才中学,716,否,390,126,124,136
上海市施湾中学,上海南汇中学,694,否,370,117,124,138
上海市施湾中学,上海市浦东复旦附中分校,712.5,否,390,122,133,128
上海市施湾中学,上海市洋泾中学,703.5,否,384.5,121,126,129
上海市施湾中学,上海市高桥中学,671.5,否,364.5,107,123,115
上海市施湾中学,上海市川沙中学,692,否,381,117,121,124
上海市黄楼中学,上海交通大学附属中学,732,否,413,141,133,130
上海市黄楼中学,上海中学东校,689,否,365.5,116,118,129
上海市黄楼中学,上海市建平中学,723,否,398,123,131,134
上海市黄楼中学,上海市进才中学,716,否,393.5,126,131,132
上海市黄楼中学,上海南汇中学,702.5,否,392,124,128,126
上海市黄楼中学,上海市浦东复旦附中分校,708.5,否,388.5,121,132,129
上海市黄楼中学,上海市洋泾中学,705.5,否,380,123,123,138
上海市黄楼中学,上海市高桥中学,684,否,377.5,121,125,121
上海市黄楼中学,上海市川沙中学,711.5,否,395,132,129,132
上海市王港中学,上海中学东校,714.5,否,390.5,127,127,132
初中学校,招生学校,录取最低分     (含学业考总成绩和综合素质评价成绩),是否同分优待,语数外,数学,语文,综合测试
上海市王港中学,上海市建平中学,734.5,否,401.5,129,133,138
上海市王港中学,上海市进才中学,731,否,396,123,133,140
上海市王港中学,上海南汇中学,715,否,397,114,138,123
上海市王港中学,上海市浦东复旦附中分校,732,否,399.5,127,130,140
上海市王港中学,上海师范大学附属中学,704.5,否,383,111,132,126
上海市王港中学,上海市洋泾中学,720,否,396.5,124,130,130
上海市王港中学,上海市高桥中学,712,否,389.5,120,132,125
上海市王港中学,上海市川沙中学,718.5,否,400,134,132,125
上海市杨园中学,上海中学东校,717,否,398,130,130,132
上海市杨园中学,上海市建平中学,749.5,否,411.5,137,130,145
上海市杨园中学,上海市进才中学,729.5,否,402,127,133,137
上海市杨园中学,上海南汇中学,709,否,396,119,135,126
上海市杨园中学,上海市浦东复旦附中分校,755.5,否,417.5,141,132,144
上海市杨园中学,上海师范大学附属中学,719,否,388,115,129,136
上海市杨园中学,上海市洋泾中学,718,否,397.5,128,130,127
上海市杨园中学,上海市高桥中学,714.5,否,390.5,130,123,139
上海市杨园中学,上海市川沙中学,712.5,否,398,118,135,124
上海市东沟中学,上海中学东校,712.5,否,387.5,118,127,134
上海市东沟中学,上海市建平中学,737.5,否,399,128,128,143
上海市东沟中学,上海市进才中学,727.5,否,402.5,132,130,137
上海市东沟中学,上海南汇中学,709.5,否,388,115,133,128
上海市东沟中学,上海市浦东复旦附中分校,735,否,399.5,127,128,142
上海市东沟中学,上海市洋泾中学,724.5,否,395.5,134,122,139
上海市东沟中学,上海市高桥中学,723.5,否,392.5,133,129,141
上海市东沟中学,上海市川沙中学,707.5,否,389.5,120,128,125
上海师范大学附属高桥实验中学,上海交通大学附属中学,719,否,387.5,116,128,136.5
上海师范大学附属高桥实验中学,上海中学东校,723.5,否,399.5,130,130,131
上海师范大学附属高桥实验中学,上海市建平中学,738,否,412,135,137,133
上海师范大学附属高桥实验中学,上海市进才中学,733,否,399,130,130,141
上海师范大学附属高桥实验中学,上海南汇中学,713,否,383.5,124,123,139
初中学校,招生学校,录取最低分     (含学业考总成绩和综合素质评价成绩),是否同分优待,语数外,数学,语文,综合测试
上海师范大学附属高桥实验中学,上海市洋泾中学,714.5,否,386,127,123,142
上海师范大学附属高桥实验中学,上海市高桥中学,730.5,否,403.5,133,127,135
上海师范大学附属高桥实验中学,上海市川沙中学,708.5,否,396,112,143,118.5
上海市凌桥中学,复旦大学附属中学,749,否,417.5,139,131,143
上海市凌桥中学,上海中学东校,713,否,393.5,135,125,127
上海市凌桥中学,上海市建平中学,731.5,否,401.5,128,132,137
上海市凌桥中学,上海市进才中学,726,否,391,124,125,139
上海市凌桥中学,上海南汇中学,671,否,358,118,122,129
上海市凌桥中学,上海市浦东复旦附中分校,721.5,否,399,137,124,129
上海市凌桥中学,上海市洋泾中学,691.5,否,387,121,129,115
上海市凌桥中学,上海市高桥中学,705.5,否,380,122,119,132
上海市凌桥中学,上海市川沙中学,701.5,否,379.5,113,134,131
上海市顾路中学,上海中学东校,711.5,否,386.5,122,124,133
上海市顾路中学,上海市建平中学,725.5,否,397,128,127,135
上海市顾路中学,上海市进才中学,726.5,否,400.5,123,135,130.5
上海市顾路中学,上海南汇中学,713,否,393,122,126,129
上海市顾路中学,上海市浦东复旦附中分校,746.5,否,410,134,133,141
上海市顾路中学,上海市洋泾中学,724,否,409.5,130,134,125
上海市顾路中学,上海市高桥中学,717.5,否,389,142,118,137
上海市顾路中学,上海市川沙中学,714,否,402.5,129,127,120
上海市浦东模范中学,上海中学东校,736,否,404,129,131,137
上海市浦东模范中学,上海市建平中学,748.5,否,414,136,132,142
上海市浦东模范中学,上海市进才中学,743.5,否,408,133,131,141
上海市浦东模范中学,上海南汇中学,718,否,393.5,127,129,133
上海市浦东模范中学,上海市浦东复旦附中分校,743.5,否,412.5,137,129,140
上海市浦东模范中学,上海市洋泾中学,725.5,否,398.5,128,128,135
上海市浦东模范中学,上海市高桥中学,719.5,否,404,129,130,128
上海市浦东模范中学,上海市川沙中学,724.5,否,395,131,128,137
上海市浦东模范中学,上海市实验学校,732,否,404.5,129,131,137
上海市川沙中学华夏西校,上海中学东校,730.5,否,396.5,123,130,139
初中学校,招生学校,录取最低分     (含学业考总成绩和综合素质评价成绩),是否同分优待,语数外,数学,语文,综合测试
上海市川沙中学华夏西校,上海市建平中学,740,否,413.5,126,141,134
上海市川沙中学华夏西校,上海市进才中学,738.5,否,407.5,132,135,142
上海市川沙中学华夏西校,华东师范大学第二附属中学,744.5,否,403,128,130,143.5
上海市川沙中学华夏西校,上海南汇中学,714,否,392.5,120,128,129
上海市川沙中学华夏西校,上海市浦东复旦附中分校,744.5,否,407,127,135,143
上海市川沙中学华夏西校,上海市洋泾中学,725.5,否,392,119,133,137
上海市川沙中学华夏西校,上海市高桥中学,713.5,否,376.5,112,129,144
上海市川沙中学华夏西校,上海市川沙中学,724.5,否,397.5,132,130,136
上海市陆行中学北校,上海中学东校,728.5,否,395,130,124,139
上海市陆行中学北校,上海市建平中学,751.5,否,413.5,129,139,142
上海市陆行中学北校,上海市进才中学,740,否,406.5,132,134,138
上海市陆行中学北校,华东师范大学第二附属中学,750,否,413.5,133,134,139
上海市陆行中学北校,上海南汇中学,707,否,386.5,123,129,132
上海市陆行中学北校,上海市浦东复旦附中分校,751.5,否,416.5,136,135,145
上海市陆行中学北校,上海市洋泾中学,731,否,410,129,141,130
上海市陆行中学北校,上海市高桥中学,719.5,否,401.5,125,134,129
上海市陆行中学北校,上海市川沙中学,707,否,388,116,135,125
上海市致远中学,上海中学东校,733,否,404,136,129,134.5
上海市致远中学,上海市建平中学,753,否,413,129,141,144
上海市致远中学,上海市进才中学,747.5,否,417.5,134,138,138
上海市致远中学,上海南汇中学,710.5,否,389.5,126,132,130
上海市致远中学,上海市浦东复旦附中分校,755,否,415,136,136,143
上海市致远中学,上海市洋泾中学,730,否,397.5,132,128,143
上海市致远中学,上海市高桥中学,710.5,否,395.5,122,129,124.5
上海市致远中学,上海市川沙中学,727.5,否,408,126,135,128.5
上海市浦东新区进才实验中学南校,上海中学东校,720,否,393.5,122,131,130
上海市浦东新区进才实验中学南校,上海市建平中学,745,否,408.5,130,136,141
上海市浦东新区进才实验中学南校,上海市进才中学,723,否,405,130,131,127
上海市浦东新区进才实验中学南校,华东师范大学第二附属中学,750,否,413,136,134,142
上海市浦东新区进才实验中学南校,上海南汇中学,707.5,否,383.5,123,122,131.5
初中学校,招生学校,录取最低分     (含学业考总成绩和综合素质评价成绩),是否同分优待,语数外,数学,语文,综合测试
上海市浦东新区进才实验中学南校,上海市浦东复旦附中分校,741.5,否,411,136,130,139
上海市浦东新区进才实验中学南校,上海市洋泾中学,734.5,否,410.5,133,132,136
上海市浦东新区进才实验中学南校,上海市高桥中学,716.5,否,391,120,131,129
上海市浦东新区进才实验中学南校,上海市川沙中学,733,否,403.5,124,134,141
上海市蔡路中学,上海中学东校,689.5,否,371.5,104,132,126
上海市蔡路中学,上海市建平中学,713.5,否,387,120,127,135
上海市蔡路中学,上海市进才中学,706,否,381,108,132,131
上海市蔡路中学,上海南汇中学,693,否,367.5,131,117,140
上海市蔡路中学,上海市浦东复旦附中分校,717,否,391,127,125,136
上海市蔡路中学,上海市洋泾中学,713,否,394.5,132,127,135
上海市蔡路中学,上海市高桥中学,663,否,369,103,135,105
上海市蔡路中学,上海市川沙中学,696,否,378,128,119,128
上海市六团中学,上海市建平中学,684,否,378.5,121,119,121
上海市六团中学,上海市进才中学,667,否,367.5,107,120,114
上海市六团中学,上海市浦东复旦附中分校,657,否,349,114,117,118
上海市六团中学,上海市川沙中学,668.5,否,369,115,128,115
上海市唐镇中学,复旦大学附属中学,747.5,否,416,133,140,137
上海市唐镇中学,上海中学东校,720,否,395,127,126,137
上海市唐镇中学,上海市建平中学,736.5,否,402.5,125,137,140
上海市唐镇中学,上海市进才中学,733.5,否,407.5,138,133,137
上海市唐镇中学,上海南汇中学,702.5,否,386,122,130,126
上海市唐镇中学,上海市浦东复旦附中分校,738.5,否,415,136,134,131
上海市唐镇中学,上海市洋泾中学,728,否,399.5,124,134,135
上海市唐镇中学,上海市高桥中学,714.5,否,390.5,122,131,126
上海市唐镇中学,上海市川沙中学,722,否,399.5,118,136,132
上海市浦兴中学,上海中学东校,722,否,389.5,130,127,142
上海市浦兴中学,上海市建平中学,738.5,否,410,136,128,138
上海市浦兴中学,上海市进才中学,724.5,否,387,119,128,145
上海市浦兴中学,上海南汇中学,710.5,否,397,127,129,123
上海市浦兴中学,上海市浦东复旦附中分校,716,否,394.5,122,132,131
初中学校,招生学校,录取最低分     (含学业考总成绩和综合素质评价成绩),是否同分优待,语数外,数学,语文,综合测试
上海市浦兴中学,上海市洋泾中学,723,否,399,119,136,132
上海市浦兴中学,上海市高桥中学,710,否,399,136,128,125
上海市浦兴中学,上海市川沙中学,715,否,393,124,129,131
上海浦东新区民办恒洋外国语学校,上海中学东校,722.5,否,393,121,134,138
上海浦东新区民办恒洋外国语学校,上海市建平中学,741.5,否,404.5,137,122,141
上海浦东新区民办恒洋外国语学校,上海市进才中学,739.5,否,411.5,130,139,134
上海浦东新区民办恒洋外国语学校,华东师范大学第二附属中学,753.5,否,415.5,142,127,142
上海浦东新区民办恒洋外国语学校,上海南汇中学,705.5,否,381.5,108,132,129
上海浦东新区民办恒洋外国语学校,上海市浦东复旦附中分校,741.5,否,414.5,135,135,138
上海浦东新区民办恒洋外国语学校,上海市洋泾中学,728,否,398,130,130,139
上海浦东新区民办恒洋外国语学校,上海市高桥中学,717.5,否,394,126,124,131
上海浦东新区民办恒洋外国语学校,上海市川沙中学,712,否,384.5,120,126,136
上海浦东新区民办欣竹中学,上海中学东校,730,否,400,122,131,136
上海浦东新区民办欣竹中学,上海市建平中学,750,否,419,140,131,137
上海浦东新区民办欣竹中学,上海市进才中学,744,否,415.5,135,132,134
上海浦东新区民办欣竹中学,上海南汇中学,706.5,否,388.5,123,124,128
上海浦东新区民办欣竹中学,上海市浦东复旦附中分校,752,否,410,128,138,140
上海浦东新区民办欣竹中学,上海市洋泾中学,723,否,404.5,130,133,125
上海浦东新区民办欣竹中学,上海市高桥中学,711.5,否,395.5,129,127,124
上海浦东新区民办欣竹中学,上海市川沙中学,718,否,396.5,129,124,131
上海市新云台中学,上海中学东校,677.5,否,372.5,100,129,110
上海市新云台中学,上海市建平中学,747,否,415,137,131,142
上海市新云台中学,上海市进才中学,709.5,否,386,118,127,135
上海市新云台中学,上海市浦东复旦附中分校,705.5,否,390.5,123,128,119
上海市新云台中学,上海市洋泾中学,678,否,368,116,122,126
上海市新云台中学,上海市高桥中学,664,否,361.5,105,120,122
上海市新云台中学,上海市川沙中学,661,否,349,89,127,125
上海市新云台中学,上海市实验学校,669,否,386.5,110,130,104
上海市陆行中学南校,上海市上海中学,742.5,否,406,137,130,141
上海市陆行中学南校,上海中学东校,732.5,否,404.5,130,129,135
初中学校,招生学校,录取最低分     (含学业考总成绩和综合素质评价成绩),是否同分优待,语数外,数学,语文,综合测试
上海市陆行中学南校,上海市建平中学,745,否,411,134,132,140
上海市陆行中学南校,上海市进才中学,732.5,否,405.5,127,138,136
上海市陆行中学南校,上海南汇中学,710.5,否,385,115,130,133
上海市陆行中学南校,上海市浦东复旦附中分校,738.5,否,403.5,130,135,133
上海市陆行中学南校,上海市洋泾中学,726,否,396,123,132,134
上海市陆行中学南校,上海市高桥中学,710,否,382.5,108,130,135
上海市陆行中学南校,上海市川沙中学,716.5,否,390.5,119,130,135
上海市杨思中学,上海中学东校,732.5,否,404,129,133,138
上海市杨思中学,上海市建平中学,740.5,否,402.5,135,132,143
上海市杨思中学,上海市进才中学,734,否,404.5,136,129,137
上海市杨思中学,上海南汇中学,714.5,否,386,116,128,140
上海市杨思中学,上海市浦东复旦附中分校,742.5,否,412.5,132,135,137
上海市杨思中学,上海师范大学附属中学,733.5,否,399.5,128,126,140
上海市杨思中学,上海市洋泾中学,724,否,395,128,128,134
上海市杨思中学,上海市高桥中学,692.5,否,378,117,125,127
上海市杨思中学,上海市川沙中学,707,否,389,114,132,125
上海民办浦东交中初级中学,上海中学东校,734,否,409,129,136,134
上海民办浦东交中初级中学,上海市建平中学,750,否,415,139,129,138
上海民办浦东交中初级中学,上海市进才中学,747,否,408.5,136,128,139
上海民办浦东交中初级中学,上海南汇中学,711.5,否,398.5,132,123,130
上海民办浦东交中初级中学,上海市浦东复旦附中分校,752,否,415.5,134,134,142
上海民办浦东交中初级中学,上海市洋泾中学,718,否,400,126,134,126
上海民办浦东交中初级中学,上海市高桥中学,706,否,392,123,125,123
上海民办浦东交中初级中学,上海市川沙中学,704.5,否,387,112,132,119
上海市建平香梅中学,上海中学东校,736,否,401.5,130,128,144
上海市建平香梅中学,上海市建平中学,745.5,否,414,143,128,139
上海市建平香梅中学,上海市进才中学,741,否,403,134,130,139
上海市建平香梅中学,上海南汇中学,700,否,387.5,118,128,123
上海市建平香梅中学,上海市浦东复旦附中分校,753,否,415,133,139,145
上海市建平香梅中学,上海市洋泾中学,712,否,380,124,124,143
初中学校,招生学校,录取最低分     (含学业考总成绩和综合素质评价成绩),是否同分优待,语数外,数学,语文,综合测试
上海市建平香梅中学,上海市高桥中学,706.5,否,373.5,123,118,136
上海市建平香梅中学,上海市川沙中学,719.5,否,391,124,129,133
上海市南汇第二中学,上海中学东校,732.5,否,404.5,124,137,132
上海市南汇第二中学,上海市建平中学,739,否,409,125,136,135
上海市南汇第二中学,上海市进才中学,734,否,399,118,140,138
上海市南汇第二中学,上海南汇中学,721.5,否,395,125,131,134
上海市南汇第二中学,上海市浦东复旦附中分校,754.5,否,419,137,137,139
上海市南汇第二中学,上海市洋泾中学,722.5,否,404.5,130,131,129
上海市南汇第二中学,上海市高桥中学,715,否,391,122,128,128
上海市南汇第二中学,上海市川沙中学,725,否,399,123,135,133
上海市南汇第二中学,上海市实验学校,745,否,411.5,133,132,139
上海市南汇第三中学,上海交通大学附属中学,750,否,417,142,127,140
上海市南汇第三中学,上海中学东校,729.5,否,392,121,131,143
上海市南汇第三中学,上海市建平中学,734.5,否,403.5,127,136,136
上海市南汇第三中学,上海市进才中学,738.5,否,409,133,128,135
上海市南汇第三中学,上海南汇中学,718,否,415.5,138,137,118
上海市南汇第三中学,上海市浦东复旦附中分校,749,否,417,138,136,140
上海市南汇第三中学,上海市洋泾中学,722,否,395.5,121,132,137
上海市南汇第三中学,上海市高桥中学,720,否,398.5,128,137,132
上海市南汇第三中学,上海市川沙中学,710.5,否,390.5,116,137,125
上海市新港中学,上海中学东校,707,否,384,123,128,132
上海市新港中学,上海市建平中学,687.5,否,362.5,115,126,138
上海市新港中学,上海市进才中学,674,否,368,115,123,122
上海市新港中学,上海市浦东复旦附中分校,705,否,388.5,135,121,134
上海市新港中学,上海师范大学附属中学,675.5,否,368,105,130,121
上海市新港中学,上海市川沙中学,663,否,353.5,126,113,128
上海市新港中学,华东师范大学第二附属中学临港奉贤分校,658.5,否,340.5,109,116,126
上海市书院中学,上海中学东校,709.5,否,385,116,126,129
上海市书院中学,上海市建平中学,671,否,354,118,123,128
上海市书院中学,上海市进才中学,717.5,否,381,118,126,143
初中学校,招生学校,录取最低分     (含学业考总成绩和综合素质评价成绩),是否同分优待,语数外,数学,语文,综合测试
上海市书院中学,上海南汇中学,664.5,否,359.5,102,119,117
上海市书院中学,上海市浦东复旦附中分校,680.5,否,380.5,117,130,108.5
上海市书院中学,上海市洋泾中学,688,否,366.5,116,121,130
上海市书院中学,上海市川沙中学,667.5,否,359,109,116,122
上海市书院中学,上海市实验学校,734.5,否,404.5,135,126,136
上海市书院中学,华东师范大学第二附属中学临港奉贤分校,658,否,363,114,116,113
上海市大团中学,上海中学东校,686,否,369.5,122,123,128
上海市大团中学,上海市建平中学,705,否,387,130,124,136.5
上海市大团中学,上海市进才中学,682,否,367,124,112,135
上海市大团中学,上海南汇中学,677,否,371.5,118,121,122
上海市大团中学,上海市浦东复旦附中分校,705.5,否,378,109,131,133
上海市大团中学,上海市洋泾中学,681,否,367.5,109,125,133
上海市大团中学,上海市高桥中学,677.5,否,367.5,128,119,128
上海市大团中学,上海市川沙中学,683.5,否,364.5,133,117,133.5
上海市大团中学,上海市实验学校,679,否,373,114,128,121.5
上海市大团中学,华东师范大学第二附属中学临港奉贤分校,661,否,355,114,122,119
上海市坦直中学,上海中学东校,686.5,否,375,131,110,124
上海市坦直中学,上海市建平中学,662.5,否,355.5,129,126,125
上海市坦直中学,上海市进才中学,711,否,396.5,134,128,129
上海市坦直中学,上海市浦东复旦附中分校,729,否,402,122,138,136
上海市坦直中学,上海市川沙中学,695,否,374,118,124,133
上海市傅雷中学,上海中学东校,731,否,399,136,126,140
上海市傅雷中学,上海市建平中学,742,否,414.5,131,136,133
上海市傅雷中学,上海市进才中学,733,否,401,129,129,139
上海市傅雷中学,上海南汇中学,720.5,否,388,113,129,138
上海市傅雷中学,上海市浦东复旦附中分校,745,否,402.5,140,129,145
上海市傅雷中学,上海市洋泾中学,724.5,否,394.5,130,127,136
上海市傅雷中学,上海市高桥中学,707.5,否,390,116,133,132
上海市傅雷中学,上海市川沙中学,726,否,393,134,124,137
上海市澧溪中学,上海中学东校,730.5,否,401.5,135,123,136
初中学校,招生学校,录取最低分     (含学业考总成绩和综合素质评价成绩),是否同分优待,语数外,数学,语文,综合测试
上海市澧溪中学,上海市建平中学,737,否,408,138,126,141
上海市澧溪中学,上海市进才中学,737.5,否,414,138,137,131
上海市澧溪中学,华东师范大学第二附属中学,738.5,否,407.5,131,132,136
上海市澧溪中学,上海南汇中学,718.5,否,400.5,120,137,123
上海市澧溪中学,上海市浦东复旦附中分校,734.5,否,403,134,131,139
上海市澧溪中学,上海市洋泾中学,720,否,400.5,118,138,124
上海市澧溪中学,上海市高桥中学,719,否,388,131,122,130
上海市澧溪中学,上海市川沙中学,724.5,否,403.5,125,136,130
上海市六灶中学,复旦大学附属中学,731,否,402.5,138,127,137
上海市六灶中学,上海中学东校,716,否,389.5,127,132,133
上海市六灶中学,上海市建平中学,731,否,403,129,132,131
上海市六灶中学,上海市进才中学,727.5,否,394.5,124,129,139
上海市六灶中学,上海南汇中学,694,否,361.5,111,128,140
上海市六灶中学,上海市洋泾中学,707.5,否,383.5,116,129,130
上海市六灶中学,上海市高桥中学,685,否,376.5,120,124,119
上海市六灶中学,上海市川沙中学,692,否,371.5,113,122,131
上海市浦东教育发展研究院附属中学,上海中学东校,682.5,否,377.5,110,127,122
上海市浦东教育发展研究院附属中学,上海市建平中学,725.5,否,402,125,133,135
上海市浦东教育发展研究院附属中学,上海市进才中学,719,否,401,127,136,131
上海市浦东教育发展研究院附属中学,上海南汇中学,683.5,否,362.5,112,123,132
上海市浦东教育发展研究院附属中学,上海市浦东复旦附中分校,666,否,354.5,123,118,122
上海市浦东教育发展研究院附属中学,上海市高桥中学,658.5,否,366,113,127,106
上海市浦东教育发展研究院附属中学,上海市川沙中学,683,否,375,120,117,126
上海市浦东教育发展研究院附属中学,上海市实验学校,704.5,否,391.5,137,128,125
上海市南汇第四中学,上海中学东校,737.5,否,404.5,139,128,140
上海市南汇第四中学,上海市建平中学,747.5,否,417,136,134,135
上海市南汇第四中学,上海市进才中学,745,否,411.5,129,137,141
上海市南汇第四中学,华东师范大学第二附属中学,755.5,否,426,140,139,130
上海市南汇第四中学,上海南汇中学,722,否,388.5,136,127,142
上海市南汇第四中学,上海市浦东复旦附中分校,751,否,414,134,137,142
初中学校,招生学校,录取最低分     (含学业考总成绩和综合素质评价成绩),是否同分优待,语数外,数学,语文,综合测试
上海市南汇第四中学,上海市洋泾中学,723.5,否,404,136,126,124
上海市南汇第四中学,上海市高桥中学,712.5,否,392,128,124,133
上海市南汇第四中学,上海市川沙中学,718,否,395.5,130,128,131
上海中学东校,上海交通大学附属中学,756.5,否,422,144,131,142
上海中学东校,上海中学东校,740.5,否,405.5,126,133,142
上海中学东校,上海市建平中学,748.5,否,410.5,137,133,142
上海中学东校,上海市进才中学,745,否,422,141,137,128
上海中学东校,上海南汇中学,717,否,397.5,125,135,126
上海中学东校,上海市浦东复旦附中分校,753.5,否,416,131,138,141
上海中学东校,上海市洋泾中学,728,否,404,124,136,128
上海中学东校,上海市高桥中学,726,否,406,125,140,126
上海中学东校,上海市川沙中学,726.5,否,389,116,127,144
上海中学东校,华东师范大学第二附属中学临港奉贤分校,725,否,391.5,125,135,133
上海市浦东模范中学东校,上海中学东校,716,否,403,127,137,120
上海市浦东模范中学东校,上海市建平中学,734.5,否,398.5,131,123,139
上海市浦东模范中学东校,上海市进才中学,738,否,402,124,136,140
上海市浦东模范中学东校,上海南汇中学,702.5,否,386,116,128,128
上海市浦东模范中学东校,上海市浦东复旦附中分校,739.5,否,410.5,136,126,138
上海市浦东模范中学东校,上海市洋泾中学,716,否,403,124,131,122
上海市浦东模范中学东校,上海市高桥中学,709.5,否,394.5,116,132,128
上海市浦东模范中学东校,上海市川沙中学,708.5,否,380,120,127,134
上海市北蔡中学,上海交通大学附属中学,753.5,否,427,143,139,130
上海市北蔡中学,上海中学东校,713.5,否,391.5,128,128,131
上海市北蔡中学,上海市建平中学,744,否,408,125,139,140
上海市北蔡中学,上海市进才中学,732.5,否,399.5,130,124,141
上海市北蔡中学,上海南汇中学,707,否,392,121,131,131
上海市北蔡中学,上海市浦东复旦附中分校,744,否,411.5,136,133,139
上海市北蔡中学,上海市洋泾中学,727,否,402.5,125,135,133
上海市北蔡中学,上海市高桥中学,713,否,394,132,124,135
上海市北蔡中学,上海市川沙中学,730,否,403,135,125,139
初中学校,招生学校,录取最低分     (含学业考总成绩和综合素质评价成绩),是否同分优待,语数外,数学,语文,综合测试
上海市临港第一中学,上海中学东校,741,否,401,125,131,146
上海市临港第一中学,上海市建平中学,745,否,408.5,130,135,141
上海市临港第一中学,上海市进才中学,733,否,398,119,132,139
上海市临港第一中学,上海南汇中学,717,否,398,125,128,128
上海市临港第一中学,上海市浦东复旦附中分校,739,否,413,135,137,136
上海市临港第一中学,上海师范大学附属中学,717,否,398,130,128,130
上海市临港第一中学,上海市洋泾中学,722,否,398.5,127,129,128
上海市临港第一中学,上海市高桥中学,706.5,否,386.5,126,128,125.5
上海市临港第一中学,上海市川沙中学,706,否,390.5,122,132,125.5
上海市临港第一中学,华东师范大学第二附属中学临港奉贤分校,719.5,否,392,124,127,134
上海民办光华中学,上海市上海中学,750.5,否,413.5,133,139,145
上海民办光华中学,上海中学东校,702.5,否,382,122,125,126.5
上海民办光华中学,上海市建平中学,723.5,否,387.5,113,131,141
上海民办光华中学,上海市进才中学,734.5,否,398.5,126,131,142
上海民办光华中学,上海南汇中学,703,否,382.5,122,125,128
上海民办光华中学,上海市浦东复旦附中分校,722.5,否,395.5,127,130,135
上海民办光华中学,上海市洋泾中学,718.5,否,389.5,129,125,131
上海民办光华中学,上海市高桥中学,701.5,否,376,110,126,136
上海民办光华中学,上海市川沙中学,702,否,372,116,123,130
上海市南汇第五中学,上海交通大学附属中学,753.5,否,416.5,138,133,143
上海市南汇第五中学,上海中学东校,731,否,409,128,137,126
上海市南汇第五中学,上海市建平中学,744.5,否,413,130,137,141
上海市南汇第五中学,上海市进才中学,739,否,402.5,131,133,139
上海市南汇第五中学,上海南汇中学,722,否,399.5,119,135,131
上海市南汇第五中学,上海市洋泾中学,735,否,413.5,134,134,127
上海市南汇第五中学,上海市高桥中学,723.5,否,393,120,130,137
上海市南汇第五中学,上海市川沙中学,722.5,否,405,122,139,130
上海市浦东新区进才中学南校,上海中学东校,740,否,402.5,137,127,144
上海市浦东新区进才中学南校,上海市建平中学,749,否,416,140,136,139
上海市浦东新区进才中学南校,上海市进才中学,740.5,否,410,135,134,137
初中学校,招生学校,录取最低分     (含学业考总成绩和综合素质评价成绩),是否同分优待,语数外,数学,语文,综合测试
上海市浦东新区进才中学南校,上海南汇中学,717,否,391.5,116,131,135
上海市浦东新区进才中学南校,上海市浦东复旦附中分校,750.5,否,408.5,128,135,146
上海市浦东新区进才中学南校,上海市洋泾中学,715.5,否,392.5,124,126,131
上海市浦东新区进才中学南校,上海市高桥中学,705.5,否,382,119,121,127
上海市浦东新区进才中学南校,上海市川沙中学,723,否,399,129,128,131
上海市临港实验中学,复旦大学附属中学,730,否,395,116,135,144
上海市临港实验中学,上海中学东校,737,否,411,131,137,132
上海市临港实验中学,上海市建平中学,732.5,否,395,142,121,147
上海市临港实验中学,上海市进才中学,729.5,否,397,123,128,136
上海市临港实验中学,上海南汇中学,714,否,389,123,126,134
上海市临港实验中学,上海市浦东复旦附中分校,736,否,403,133,125,140
上海市临港实验中学,上海市洋泾中学,717,否,388,116,130,142
上海市临港实验中学,上海市高桥中学,709.5,否,390,137,126,131
上海市临港实验中学,上海市川沙中学,723,否,402,129,133,127
上海市临港实验中学,华东师范大学第二附属中学临港奉贤分校,720.5,否,391.5,125,127,135
上海市浦东新区进才中学东校,上海中学东校,722,否,399,125,130,130
上海市浦东新区进才中学东校,上海市建平中学,725.5,否,397.5,122,130,135
上海市浦东新区进才中学东校,上海市进才中学,737,否,403.5,121,135,138
上海市浦东新区进才中学东校,上海南汇中学,707,否,389.5,121,132,131
上海市浦东新区进才中学东校,上海市浦东复旦附中分校,749,否,410,130,137,141
上海市浦东新区进才中学东校,上海市洋泾中学,718,否,397,130,131,128
上海市浦东新区进才中学东校,上海市高桥中学,719.5,否,398.5,116,137,129
上海市浦东新区进才中学东校,上海市川沙中学,720,否,390,121,131,137
上海市浦东外国语学校东校,上海中学东校,739,否,408,133,134,136
上海市浦东外国语学校东校,上海市建平中学,725.5,否,393.5,125,127,137
上海市浦东外国语学校东校,上海市进才中学,738,否,410,130,134,134
上海市浦东外国语学校东校,华东师范大学第二附属中学,742,否,413,135,132,140
上海市浦东外国语学校东校,上海南汇中学,724,否,403.5,119,138,129
上海市浦东外国语学校东校,上海市浦东复旦附中分校,741.5,否,412,129,136,136
上海市浦东外国语学校东校,上海市洋泾中学,730.5,否,412,137,130,130
初中学校,招生学校,录取最低分     (含学业考总成绩和综合素质评价成绩),是否同分优待,语数外,数学,语文,综合测试
上海市浦东外国语学校东校,上海市高桥中学,711.5,否,397.5,118,132,122
上海市浦东外国语学校东校,上海市川沙中学,715,否,397.5,134,126,131
上海市浦东模范实验中学,上海中学东校,724,否,397.5,131,130,134
上海市浦东模范实验中学,上海市建平中学,751,否,415,137,130,135
上海市浦东模范实验中学,上海市进才中学,743,否,407,138,134,141
上海市浦东模范实验中学,上海南汇中学,715.5,否,400.5,132,132,130
上海市浦东模范实验中学,上海市洋泾中学,720.5,否,390,127,129,137
上海市浦东模范实验中学,上海市高桥中学,721,否,394,130,121,139
上海市浦东模范实验中学,上海市川沙中学,723,否,395.5,132,124,138.5
上海市浦东模范实验中学,上海市实验学校,736.5,否,402.5,133,130,138
上海市浦东新区三灶实验中学,复旦大学附属中学,747,否,413,139,131,137
上海市浦东新区三灶实验中学,上海中学东校,719.5,否,402.5,129,131,126
上海市浦东新区三灶实验中学,上海市建平中学,731.5,否,406.5,134,133,138
上海市浦东新区三灶实验中学,上海市进才中学,727.5,否,392.5,125,130,141
上海市浦东新区三灶实验中学,上海南汇中学,709.5,否,380.5,119,127,136
上海市浦东新区三灶实验中学,上海市浦东复旦附中分校,746,否,417,143,129,143
上海市浦东新区三灶实验中学,上海市洋泾中学,703,否,387.5,110,138,127
上海市浦东新区三灶实验中学,上海市高桥中学,709,否,384,113,133,134.5
上海市浦东新区三灶实验中学,上海市川沙中学,718.5,否,395,124,132,128
上海市实验学校南校,上海中学东校,729,否,400,124,130,137
上海市实验学校南校,上海市建平中学,745.5,否,404.5,135,127,146
上海市实验学校南校,上海市进才中学,729,否,398.5,123,132,134
上海市实验学校南校,上海南汇中学,712.5,否,401,125,134,120
上海市实验学校南校,上海市浦东复旦附中分校,747,否,415,137,133,140
上海市实验学校南校,上海师范大学附属中学,729.5,否,404,134,127,137
上海市实验学校南校,上海市洋泾中学,725.5,否,405,129,131,127
上海市实验学校南校,上海市高桥中学,709.5,否,391,121,127,133
上海市实验学校南校,上海市川沙中学,719,否,409,133,135,131
上海市浦东新区新场实验中学,上海市上海中学,751,否,420,137,137,136
上海市浦东新区新场实验中学,上海中学东校,733,否,405,133,129,134
初中学校,招生学校,录取最低分     (含学业考总成绩和综合素质评价成绩),是否同分优待,语数外,数学,语文,综合测试
上海市浦东新区新场实验中学,上海市建平中学,738.5,否,403,134,126,144
上海市浦东新区新场实验中学,上海市进才中学,733.5,否,405,130,131,133
上海市浦东新区新场实验中学,上海南汇中学,708.5,否,385,122,125,135
上海市浦东新区新场实验中学,上海市浦东复旦附中分校,718,否,394.5,130,127,133
上海市浦东新区新场实验中学,上海市洋泾中学,718.5,否,399,121,134,135
上海市浦东新区新场实验中学,上海市高桥中学,722.5,否,397,127,127,136
上海市浦东新区新场实验中学,上海市川沙中学,709.5,否,389.5,122,129,129
上海市浦东新区懿德中学,上海中学东校,718.5,否,389,117,126,139
上海市浦东新区懿德中学,上海市建平中学,721,否,402.5,132,129,126
上海市浦东新区懿德中学,上海市进才中学,726.5,否,396,126,131,137
上海市浦东新区懿德中学,华东师范大学第二附属中学,736,否,406.5,126,134,134
上海市浦东新区懿德中学,上海南汇中学,702,否,381.5,128,118,128
上海市浦东新区懿德中学,上海市浦东复旦附中分校,721,否,389,119,130,141
上海市浦东新区懿德中学,上海市洋泾中学,716.5,否,394.5,135,124,134
上海市浦东新区懿德中学,上海市高桥中学,682.5,否,368.5,122,124,130
上海市浦东新区懿德中学,上海市川沙中学,720,否,392.5,118,137,137
上海市建平实验地杰中学,上海中学东校,730.5,否,409,138,129,127
上海市建平实验地杰中学,上海市建平中学,754.5,否,416.5,140,130,144
上海市建平实验地杰中学,上海市进才中学,746.5,否,409.5,131,135,143
上海市建平实验地杰中学,华东师范大学第二附属中学,758,否,422.5,144,134,143
上海市建平实验地杰中学,上海南汇中学,709.5,否,393.5,123,129,120
上海市建平实验地杰中学,上海市浦东复旦附中分校,755.5,否,412.5,138,128,146
上海市建平实验地杰中学,上海市洋泾中学,724.5,否,401,131,124,131
上海市建平实验地杰中学,上海市高桥中学,710.5,否,386,126,127,129
上海市建平实验地杰中学,上海市川沙中学,715.5,否,394.5,121,135,127
上海市建平实验张江中学,上海中学东校,734.5,否,405,127,133,135
上海市建平实验张江中学,上海市建平中学,753,否,412,132,136,145
上海市建平实验张江中学,上海市进才中学,747.5,否,411,130,136,140
上海市建平实验张江中学,上海南汇中学,703,否,392,125,123,120
上海市建平实验张江中学,上海市浦东复旦附中分校,756,否,416,136,137,145
初中学校,招生学校,录取最低分     (含学业考总成绩和综合素质评价成绩),是否同分优待,语数外,数学,语文,综合测试
上海市建平实验张江中学,上海市洋泾中学,726,否,394,123,135,139
上海市建平实验张江中学,上海市高桥中学,717.5,否,387.5,120,128,140
上海市建平实验张江中学,上海市川沙中学,720.5,否,394.5,120,132,135
上海市历城中学,上海中学东校,695,否,377.5,118,132,129
上海市历城中学,上海市建平中学,696.5,否,380,125,119,134
上海市历城中学,上海市进才中学,732.5,否,394.5,125,131,143
上海市历城中学,上海南汇中学,681,否,372.5,109,131,123
上海市历城中学,上海市浦东复旦附中分校,718.5,否,391.5,125,133,133
上海市历城中学,上海市洋泾中学,696.5,否,378,110,130,129
上海市历城中学,上海市高桥中学,674.5,否,362.5,102,134,119
上海市历城中学,上海市川沙中学,691.5,否,375.5,119,127,133
上海市竹园中学,上海中学东校,718.5,否,398.5,128,132,130
上海市竹园中学,上海市建平中学,718,否,390,129,127,134
上海市竹园中学,上海市进才中学,717,否,395.5,137,126,133
上海市竹园中学,华东师范大学第二附属中学,742,否,409,143,130,142
上海市竹园中学,上海南汇中学,700,否,378.5,129,126,132
上海市竹园中学,上海市浦东复旦附中分校,721,否,403,133,127,127
上海市竹园中学,上海市洋泾中学,718,否,390,120,130,131
上海市竹园中学,上海市高桥中学,713,否,391.5,128,126,130
上海市竹园中学,上海市川沙中学,687.5,否,366,118,112,131
上海市泾南中学,上海中学东校,730,否,397.5,122,136,141
上海市泾南中学,上海市建平中学,747,否,411.5,137,129,145
上海市泾南中学,上海市进才中学,748,否,411,129,139,140
上海市泾南中学,上海南汇中学,711.5,否,390,121,127,134
上海市泾南中学,上海师范大学附属中学,722,否,389,125,125,139
上海市泾南中学,上海市洋泾中学,690,否,375,114,126,125
上海市泾南中学,上海市高桥中学,706,否,396,124,133,125
上海市泾南中学,上海市川沙中学,695.5,否,379.5,116,132,126
上海市香山中学,上海交通大学附属中学,743,否,408.5,129,134,142
上海市香山中学,上海中学东校,716.5,否,393,127,128,131
初中学校,招生学校,录取最低分     (含学业考总成绩和综合素质评价成绩),是否同分优待,语数外,数学,语文,综合测试
上海市香山中学,上海市建平中学,727.5,否,398.5,129,130,136
上海市香山中学,上海市进才中学,739.5,否,417,138,137,130
上海市香山中学,上海南汇中学,679.5,否,368.5,115,129,128
上海市香山中学,上海市浦东复旦附中分校,727.5,否,391.5,124,124,143
上海市香山中学,上海市洋泾中学,696,否,378,115,129,126
上海市香山中学,上海市高桥中学,694.5,否,388.5,120,127,114
上海市沪新中学,上海中学东校,698.5,否,379,122,131,129
上海市沪新中学,上海市建平中学,709,否,379,120,127,140
上海市沪新中学,上海市进才中学,712.5,否,390,120,129,135
上海市沪新中学,上海南汇中学,702.5,否,381,122,126,129
上海市沪新中学,上海市浦东复旦附中分校,694.5,否,384.5,120,133,120
上海市沪新中学,上海市洋泾中学,702.5,否,391,113,137,120
上海市沪新中学,上海市高桥中学,699,否,383,108,133,128
上海市沪新中学,上海市川沙中学,703,否,385,117,127,126
上海市育民中学,上海交通大学附属中学,750,否,408.5,128,137,136.5
上海市育民中学,上海中学东校,711.5,否,386,121,128,132
上海市育民中学,上海市建平中学,740.5,否,409.5,138,130,135
上海市育民中学,上海市进才中学,729,否,402,125,132,141
上海市育民中学,上海南汇中学,702,否,377.5,118,125,135.5
上海市育民中学,上海市浦东复旦附中分校,725.5,否,393,119,133,138
上海市育民中学,上海市洋泾中学,707.5,否,387,115,135,131
上海市育民中学,上海市高桥中学,713.5,否,394,123,133,130
上海市育民中学,上海市川沙中学,706.5,否,391,123,129,127
上海市高行中学,上海中学东校,736.5,否,403.5,125,134,138
上海市高行中学,上海市建平中学,722,否,395,129,131,142
上海市高行中学,上海市进才中学,740.5,否,400,124,137,142
上海市高行中学,上海南汇中学,707,否,385.5,128,123,131
上海市高行中学,上海市洋泾中学,724.5,否,396.5,127,128,135
上海市高行中学,上海市高桥中学,715,否,390,116,132,130
上海市高行中学,上海市川沙中学,733.5,否,405,136,131,138
初中学校,招生学校,录取最低分     (含学业考总成绩和综合素质评价成绩),是否同分优待,语数外,数学,语文,综合测试
上海市高行中学,上海市实验学校,685.5,否,370.5,121,114,125
上海第二工业大学附属龚路中学,上海中学东校,718,否,391.5,127,124,135
上海第二工业大学附属龚路中学,上海市建平中学,743.5,否,411.5,129,133,141
上海第二工业大学附属龚路中学,上海市进才中学,737.5,否,405,135,128,141
上海第二工业大学附属龚路中学,上海南汇中学,692.5,否,386,126,124,119
上海第二工业大学附属龚路中学,上海市浦东复旦附中分校,738.5,否,409,138,128,135
上海第二工业大学附属龚路中学,上海师范大学附属中学,728.5,否,404,132,128,133
上海第二工业大学附属龚路中学,上海市洋泾中学,698,否,376,111,128,125
上海第二工业大学附属龚路中学,上海市高桥中学,698,否,371,105,125,139
上海第二工业大学附属龚路中学,上海市川沙中学,703.5,否,385.5,120,130,129
上海市五三中学,上海中学东校,735,否,402.5,138,126,139
上海市五三中学,上海市建平中学,747,否,419,137,136,136
上海市五三中学,上海市进才中学,739.5,否,410,142,130,138
上海市五三中学,上海南汇中学,710,否,389,129,124,133
上海市五三中学,上海市浦东复旦附中分校,755,否,417.5,139,137,141
上海市五三中学,上海师范大学附属中学,734,否,408.5,138,127,134
上海市五三中学,上海市洋泾中学,710.5,否,388.5,127,125,138
上海市五三中学,上海市高桥中学,710,否,386,118,130,130
上海市五三中学,上海市川沙中学,729.5,否,398.5,123,134,140
上海市侨光中学,上海中学东校,727,否,406.5,125,135,132
上海市侨光中学,上海市建平中学,736.5,否,405,128,133,133
上海市侨光中学,上海市进才中学,733,否,409.5,134,132,132
上海市侨光中学,上海南汇中学,717,否,391.5,125,129,134
上海市侨光中学,上海市浦东复旦附中分校,740,否,407.5,131,131,141
上海市侨光中学,上海师范大学附属中学,731,否,405,134,131,134
上海市侨光中学,上海市洋泾中学,720.5,否,404,134,125,129
上海市侨光中学,上海市高桥中学,716.5,否,396,118,136,127
上海市侨光中学,上海市川沙中学,726,否,398.5,121,132,140
上海市江镇中学,上海中学东校,714,否,394,131,129,129
上海市江镇中学,上海市建平中学,731,否,408,128,136,133
初中学校,招生学校,录取最低分     (含学业考总成绩和综合素质评价成绩),是否同分优待,语数外,数学,语文,综合测试
上海市江镇中学,上海市进才中学,733,否,402.5,138,128,139
上海市江镇中学,上海南汇中学,706,否,380.5,124,126,135
上海市江镇中学,上海市浦东复旦附中分校,727.5,否,406,134,126,128
上海市江镇中学,上海市洋泾中学,728.5,否,395,124,128,140
上海市江镇中学,上海市高桥中学,709.5,否,393.5,129,124,132.5
上海市江镇中学,上海市川沙中学,706,否,393,129,123,135
上海市合庆中学,上海中学东校,695,否,380.5,126,126,130
上海市合庆中学,上海市建平中学,738,否,405.5,128,135,141
上海市合庆中学,上海市进才中学,715,否,399.5,127,131,125
上海市合庆中学,华东师范大学第二附属中学,735,否,406.5,132,132,137
上海市合庆中学,上海南汇中学,684,否,371.5,117,125,123
上海市合庆中学,上海市浦东复旦附中分校,712,否,393.5,139,124,130
上海市合庆中学,上海市洋泾中学,691,否,367.5,127,122,141
上海市合庆中学,上海市高桥中学,694.5,否,373.5,119,125,127
上海市合庆中学,上海市川沙中学,715,否,390.5,130,128,136
华东师范大学张江实验中学,复旦大学附属中学,749,否,411,139,133,143
华东师范大学张江实验中学,上海中学东校,726,否,396,126,128,127
华东师范大学张江实验中学,上海市建平中学,730.5,否,401.5,123,137,134
华东师范大学张江实验中学,上海市进才中学,732.5,否,402.5,133,129,136
华东师范大学张江实验中学,上海南汇中学,727.5,否,394,136,128,138
华东师范大学张江实验中学,上海市浦东复旦附中分校,733,否,407.5,131,133,137
华东师范大学张江实验中学,上海市洋泾中学,727,否,390,120,131,139
华东师范大学张江实验中学,上海市高桥中学,710,否,382,129,122,142
华东师范大学张江实验中学,上海市川沙中学,717.5,否,399,135,129,129.5
上海市三林中学东校,上海中学东校,725.5,否,398,128,132,138
上海市三林中学东校,上海市建平中学,728,否,395,128,126,140
上海市三林中学东校,上海市进才中学,730.5,否,397.5,129,130,140
上海市三林中学东校,华东师范大学第二附属中学,742.5,否,414,139,131,142
上海市三林中学东校,上海南汇中学,702.5,否,386.5,117,128,124
上海市三林中学东校,上海市浦东复旦附中分校,714,否,390,121,130,133
初中学校,招生学校,录取最低分     (含学业考总成绩和综合素质评价成绩),是否同分优待,语数外,数学,语文,综合测试
上海市三林中学东校,上海市洋泾中学,718,否,390,125,124,136
上海市三林中学东校,上海市高桥中学,717.5,否,389.5,121,127,135
上海市三林中学东校,上海市川沙中学,724,否,392.5,116,135,137
上海浦东新区民办正达外国语学校,上海中学东校,742.5,否,411.5,137,132,140
上海浦东新区民办正达外国语学校,上海市建平中学,753,否,417.5,140,131,142
上海浦东新区民办正达外国语学校,上海市进才中学,741.5,否,418,136,134,132
上海浦东新区民办正达外国语学校,华东师范大学第二附属中学,754,否,420,143,135,143
上海浦东新区民办正达外国语学校,上海南汇中学,707,否,386,128,129,134
上海浦东新区民办正达外国语学校,上海市浦东复旦附中分校,753,否,421,137,139,137
上海浦东新区民办正达外国语学校,上海市洋泾中学,726,否,391,123,124,138
上海浦东新区民办正达外国语学校,上海市高桥中学,709,否,387.5,125,125,133
上海浦东新区民办正达外国语学校,上海市川沙中学,719.5,否,395,121,129,133
上海市高东中学,上海中学东校,670.5,否,379,122,114,112
上海市高东中学,上海市建平中学,712,否,388,132,122,133
上海市高东中学,上海市进才中学,697,否,385.5,125,123,120.5
上海市高东中学,上海南汇中学,691,否,375,122,126,130
上海市高东中学,上海市浦东复旦附中分校,712.5,否,389,129,125,132
上海市高东中学,上海市洋泾中学,674,否,362,111,128,124
上海市高东中学,上海市高桥中学,677.5,否,374,112,125,121
上海市高东中学,上海市川沙中学,669.5,否,360.5,115,113,130
上海市高东中学,上海市实验学校,689,否,388.5,114,129,111
上海市南汇第一中学,上海中学东校,732,否,407.5,133,134,132
上海市南汇第一中学,上海市建平中学,724.5,否,393,126,130,137
上海市南汇第一中学,上海市进才中学,734,否,416,130,140,122
上海市南汇第一中学,上海南汇中学,718.5,否,398,132,124,134
上海市南汇第一中学,上海市浦东复旦附中分校,753,否,420.5,145,132,138
上海市南汇第一中学,上海师范大学附属中学,698,否,389.5,113,134,116
上海市南汇第一中学,上海市洋泾中学,713.5,否,390.5,129,125,136
上海市南汇第一中学,上海市高桥中学,705,否,389.5,124,124,129
上海市南汇第一中学,上海市川沙中学,717.5,否,393.5,127,124,137
初中学校,招生学校,录取最低分     (含学业考总成绩和综合素质评价成绩),是否同分优待,语数外,数学,语文,综合测试
上海市老港中学,上海交通大学附属中学,734.5,否,409,138,128,136
上海市老港中学,上海中学东校,687.5,否,371,118,122,127
上海市老港中学,上海市建平中学,727.5,否,401.5,124,141,132
上海市老港中学,上海市进才中学,709.5,否,391,130,126,128
上海市老港中学,上海南汇中学,705,否,392.5,119,131,133
上海市老港中学,上海市浦东复旦附中分校,715.5,否,397,120,138,126
上海市老港中学,上海市洋泾中学,677.5,否,373.5,117,124,122
上海市老港中学,上海市高桥中学,686.5,否,369.5,111,126,127
上海市老港中学,上海市川沙中学,695.5,否,387.5,123,132,122
上海市泥城中学,上海交通大学附属中学,720.5,否,392.5,120,135,139
上海市泥城中学,上海中学东校,698.5,否,381,122,124,135
上海市泥城中学,上海市建平中学,702,否,387.5,117,129,124
上海市泥城中学,上海市进才中学,718.5,否,403.5,133,131,122
上海市泥城中学,上海南汇中学,680,否,366.5,114,120,124
上海市泥城中学,上海市浦东复旦附中分校,697.5,否,379.5,122,125,134
上海市泥城中学,上海市洋泾中学,682.5,否,381,119,126,113
上海市泥城中学,上海市高桥中学,665.5,否,368,114,124,113
上海市泥城中学,上海市川沙中学,671.5,否,355.5,111,119,125
上海市泥城中学,华东师范大学第二附属中学临港奉贤分校,683,否,371.5,123,124,124
上海市吴迅中学,上海市上海中学,749.5,否,414,138,132,141
上海市吴迅中学,上海中学东校,704.5,否,388.5,124,129,122.5
上海市吴迅中学,上海市建平中学,738,否,399.5,122,131,145
上海市吴迅中学,上海市进才中学,733.5,否,406,132,129,132
上海市吴迅中学,上海南汇中学,710,否,402,129,131,120
上海市吴迅中学,上海市浦东复旦附中分校,747,否,416.5,141,131,141
上海市吴迅中学,上海市洋泾中学,727,否,403,127,139,131
上海市吴迅中学,上海市高桥中学,711.5,否,385.5,128,125,138
上海市吴迅中学,上海市川沙中学,717,否,393.5,127,132,131
上海市长岛中学,上海交通大学附属中学,740,否,405.5,125,135,138
上海市长岛中学,上海中学东校,713.5,否,396.5,125,133,129
初中学校,招生学校,录取最低分     (含学业考总成绩和综合素质评价成绩),是否同分优待,语数外,数学,语文,综合测试
上海市长岛中学,上海市建平中学,736,否,402.5,133,129,144
上海市长岛中学,上海市进才中学,732,否,395,129,127,147
上海市长岛中学,上海南汇中学,704,否,391,130,132,121
上海市长岛中学,上海市浦东复旦附中分校,742.5,否,399,126,128,144
上海市长岛中学,上海市洋泾中学,724,否,401,130,127,134
上海市长岛中学,上海市高桥中学,713,否,383.5,124,121,138
上海市长岛中学,上海市川沙中学,713,否,390.5,131,128,138
上海立信会计金融学院附属学校,上海中学东校,734.5,否,406.5,140,122,135
上海立信会计金融学院附属学校,上海市建平中学,742,否,403.5,121,135,143
上海立信会计金融学院附属学校,上海市进才中学,739,否,408,134,132,142
上海立信会计金融学院附属学校,上海南汇中学,708,否,378,114,128,140
上海立信会计金融学院附属学校,上海市洋泾中学,724,否,407,134,127,132
上海立信会计金融学院附属学校,上海市高桥中学,711.5,否,393.5,122,131,128
上海立信会计金融学院附属学校,上海市川沙中学,709.5,否,385,119,124,136
上海市绿川学校,上海中学东校,704.5,否,384,125,128,132
上海市绿川学校,上海市建平中学,746.5,否,414.5,134,138,137
上海市绿川学校,上海市进才中学,720,否,392.5,115,133,136
上海市绿川学校,上海南汇中学,687.5,否,374.5,113,126,126
上海市绿川学校,上海市浦东复旦附中分校,724,否,395,133,128,136
上海市绿川学校,上海市洋泾中学,696.5,否,384,111,133,119
上海市绿川学校,上海市高桥中学,689.5,否,376,124,128,122.5
上海市绿川学校,上海市川沙中学,695,否,369.5,113,126,133
上海市洋泾菊园实验学校,上海中学东校,732.5,否,399.5,135,126,142
上海市洋泾菊园实验学校,上海市建平中学,739.5,否,408,127,135,131
上海市洋泾菊园实验学校,上海市进才中学,736.5,否,408.5,134,133,138
上海市洋泾菊园实验学校,华东师范大学第二附属中学,756.5,否,422.5,132,142,137
上海市洋泾菊园实验学校,上海南汇中学,703,否,374,103,132,132
上海市洋泾菊园实验学校,上海市浦东复旦附中分校,746,否,408,129,132,141
上海市洋泾菊园实验学校,上海市洋泾中学,726,否,395,129,129,138
上海市洋泾菊园实验学校,上海市高桥中学,712,否,381,117,126,140
初中学校,招生学校,录取最低分     (含学业考总成绩和综合素质评价成绩),是否同分优待,语数外,数学,语文,综合测试
上海市洋泾菊园实验学校,上海市川沙中学,711.5,否,399.5,122,136,120
上海市民办平和学校,上海交通大学附属中学,748.5,否,413,139,132,143
上海市民办平和学校,上海中学东校,715.5,否,387,127,124,138
上海市民办平和学校,上海市建平中学,732,否,402,132,125,136
上海市民办平和学校,上海市进才中学,716,否,386.5,132,123,139
上海市民办平和学校,上海南汇中学,699,否,384,121,130,133
上海市民办平和学校,上海市浦东复旦附中分校,718.5,否,391.5,130,127,137
上海市民办平和学校,上海市洋泾中学,715.5,否,385.5,119,124,134
上海市民办平和学校,上海市高桥中学,690,否,373.5,110,127,130
上海市民办平和学校,上海市川沙中学,705.5,否,383.5,121,129,130
上海市川沙中学南校,上海交通大学附属中学,756,否,418.5,139,133,145
上海市川沙中学南校,上海中学东校,737.5,否,402.5,123,134,141
上海市川沙中学南校,上海市建平中学,751,否,410,135,132,144
上海市川沙中学南校,上海市进才中学,743.5,否,412,138,129,138
上海市川沙中学南校,上海南汇中学,715,否,394.5,124,130,129
上海市川沙中学南校,上海市浦东复旦附中分校,751.5,否,416.5,137,134,142
上海市川沙中学南校,上海市洋泾中学,724,否,403.5,137,126,127
上海市川沙中学南校,上海市高桥中学,717,否,394,121,131,130
上海市川沙中学南校,上海市川沙中学,724,否,397,132,125,136
上海市建平实验中学,上海中学东校,732,否,405,128,129,141
上海市建平实验中学,上海市建平中学,750.5,否,415.5,136,131,143
上海市建平实验中学,上海市进才中学,740.5,否,415,136,133,134
上海市建平实验中学,华东师范大学第二附属中学,755,否,420,145,136,140
上海市建平实验中学,上海南汇中学,708.5,否,377.5,108,128,135
上海市建平实验中学,上海市浦东复旦附中分校,754.5,否,415.5,131,136,137
上海市建平实验中学,上海市洋泾中学,724.5,否,396,132,121,138
上海市建平实验中学,上海市高桥中学,713.5,否,396,125,132,126
上海市建平实验中学,上海市川沙中学,720.5,否,396,121,134,131
上海市民办金苹果学校,上海中学东校,722.5,否,397,129,124,135
上海市民办金苹果学校,上海市建平中学,721,否,393.5,122,130,131
初中学校,招生学校,录取最低分     (含学业考总成绩和综合素质评价成绩),是否同分优待,语数外,数学,语文,综合测试
上海市民办金苹果学校,上海市进才中学,731,否,409,134,138,129
上海市民办金苹果学校,上海南汇中学,718,否,396.5,124,129,130
上海市民办金苹果学校,上海市浦东复旦附中分校,747,否,411.5,127,138,143
上海市民办金苹果学校,上海市洋泾中学,720.5,否,393.5,128,129,139
上海市民办金苹果学校,上海市高桥中学,710,否,396.5,116,139,125
上海市民办金苹果学校,上海市川沙中学,717.5,否,391,115,133,131
上海民办启能东方外国语学校,上海中学东校,739.5,否,405.5,128,134,138
上海民办启能东方外国语学校,上海市建平中学,738.5,否,401,129,127,144
上海民办启能东方外国语学校,上海市进才中学,745,否,409,131,135,138
上海民办启能东方外国语学校,上海南汇中学,708,否,395,118,133,121
上海民办启能东方外国语学校,上海市浦东复旦附中分校,752.5,否,416.5,134,135,139
上海民办启能东方外国语学校,上海市洋泾中学,726.5,否,399,124,129,137
上海民办启能东方外国语学校,上海市高桥中学,714.5,否,403,131,126,124
上海民办启能东方外国语学校,上海市川沙中学,718.5,否,397.5,130,133,131
上海市民办中芯学校,上海中学东校,724.5,否,395,127,127,140
上海市民办中芯学校,上海市建平中学,742,否,410.5,134,132,137
上海市民办中芯学校,上海市进才中学,730.5,否,403,127,132,132
上海市民办中芯学校,华东师范大学第二附属中学,742.5,否,411,140,124,138
上海市民办中芯学校,上海南汇中学,716.5,否,389.5,123,128,132
上海市民办中芯学校,上海市浦东复旦附中分校,739,否,409.5,140,133,142.5
上海市民办中芯学校,上海市洋泾中学,725.5,否,405,122,139,124
上海市民办中芯学校,上海市高桥中学,700.5,否,381,130,122,127
上海市民办中芯学校,上海市川沙中学,717.5,否,393.5,126,130,131
上海市进才实验中学,上海中学东校,734.5,否,405.5,131,133,137
上海市进才实验中学,上海市建平中学,751.5,否,418.5,136,135,137
上海市进才实验中学,上海市进才中学,747,否,413.5,132,136,137
上海市进才实验中学,上海南汇中学,708.5,否,381.5,110,130,130
上海市进才实验中学,上海市浦东复旦附中分校,754.5,否,420,139,137,140
上海市进才实验中学,上海师范大学附属中学,738.5,否,404.5,128,134,138
上海市进才实验中学,上海市洋泾中学,730.5,否,407.5,131,138,133
初中学校,招生学校,录取最低分     (含学业考总成绩和综合素质评价成绩),是否同分优待,语数外,数学,语文,综合测试
上海市进才实验中学,上海市高桥中学,713,否,397,133,131,128
上海市进才实验中学,上海市川沙中学,720,否,399.5,135,129,127
上海市实验学校东校,上海中学东校,735.5,否,413.5,130,135,126
上海市实验学校东校,上海市建平中学,753,否,420,138,135,137
上海市实验学校东校,上海市进才中学,740.5,否,411.5,129,134,136
上海市实验学校东校,上海南汇中学,707.5,否,378,111,130,138
上海市实验学校东校,上海市浦东复旦附中分校,751,否,414.5,141,128,141
上海市实验学校东校,上海师范大学附属中学,739,否,409.5,134,137,134
上海市实验学校东校,上海市洋泾中学,725,否,409.5,124,139,122
上海市实验学校东校,上海市高桥中学,709.5,否,393,128,132,128
上海市实验学校东校,上海市川沙中学,711.5,否,396.5,115,134,123
上海市张江集团中学,上海中学东校,727.5,否,399.5,134,124,140
上海市张江集团中学,上海市建平中学,749,否,413,141,131,145
上海市张江集团中学,上海市进才中学,739.5,否,410.5,131,134,132
上海市张江集团中学,上海南汇中学,691.5,否,380.5,113,126,127
上海市张江集团中学,上海市浦东复旦附中分校,747,否,411,131,133,138
上海市张江集团中学,上海市洋泾中学,725,否,400.5,122,133,133
上海市张江集团中学,上海市高桥中学,712.5,否,389.5,114,135,129
上海市张江集团中学,上海市川沙中学,718,否,387,117,132,141
上海浦东新区民办协和双语学校,上海中学东校,702.5,否,379.5,119,126,134
上海浦东新区民办协和双语学校,上海市进才中学,734,否,401,130,133,135
上海浦东新区民办协和双语学校,上海南汇中学,670,否,368,136,116,116
上海浦东新区民办协和双语学校,上海市浦东复旦附中分校,727.5,否,409.5,133,131,129
上海浦东新区民办协和双语学校,上海市洋泾中学,699,否,392,117,132,113
上海浦东新区民办协和双语学校,上海市高桥中学,689,否,375.5,104,129,118
上海浦东新区民办协和双语学校,上海市川沙中学,705,否,386.5,118,126,131
上海浦东新区民办协和双语学校,上海市实验学校,737.5,否,411.5,145,124,135
上海市浦东新区建平南汇实验学校,上海中学东校,723.5,否,405.5,137,127,133
上海市浦东新区建平南汇实验学校,上海市建平中学,736.5,否,406.5,132,130,136
上海市浦东新区建平南汇实验学校,上海市进才中学,737.5,否,406.5,139,124,139
初中学校,招生学校,录取最低分     (含学业考总成绩和综合素质评价成绩),是否同分优待,语数外,数学,语文,综合测试
上海市浦东新区建平南汇实验学校,华东师范大学第二附属中学,747.5,否,414,142,129,138
上海市浦东新区建平南汇实验学校,上海南汇中学,720.5,否,401.5,135,125,131
上海市浦东新区建平南汇实验学校,上海市浦东复旦附中分校,743.5,否,418.5,146,128,137
上海市浦东新区建平南汇实验学校,上海市洋泾中学,716,否,389.5,127,125,131
上海市浦东新区建平南汇实验学校,上海市高桥中学,705.5,否,390,129,120,128
上海市浦东新区建平南汇实验学校,上海市川沙中学,721,否,401,131,136,125
上海市三灶学校,上海中学东校,697,否,385.5,114,132,123
上海市三灶学校,上海市建平中学,705.5,否,389,126,131,128
上海市三灶学校,上海市进才中学,692,否,371,114,124,130
上海市三灶学校,上海南汇中学,707,否,390.5,135,122,129
上海市三灶学校,上海市浦东复旦附中分校,670.5,否,366,104,125,119
上海市三灶学校,上海市洋泾中学,693.5,否,373,108,127,133
上海市三灶学校,上海市高桥中学,697,否,381,117,133,128
上海市三灶学校,上海市川沙中学,683,否,367.5,122,118,132
上海市黄路学校,上海中学东校,729.5,否,403,138,124,138
上海市黄路学校,上海市建平中学,735,否,413,137,132,128
上海市黄路学校,上海市进才中学,732,否,401.5,135,128,135
上海市黄路学校,上海南汇中学,706.5,否,391,127,125,124
上海市黄路学校,上海市浦东复旦附中分校,741,否,408,130,135,139
上海市黄路学校,上海市洋泾中学,724,否,400.5,127,131,132
上海市黄路学校,上海市高桥中学,701.5,否,382.5,125,127,134
上海市黄路学校,上海市川沙中学,716,否,397,123,129,127
上海市浦东新区彭镇中学,上海中学东校,696,否,377.5,111,133,129
上海市浦东新区彭镇中学,上海市进才中学,735,否,407.5,131,138,136
上海市浦东新区彭镇中学,上海南汇中学,697.5,否,383.5,112,135,126
上海市浦东新区彭镇中学,上海市浦东复旦附中分校,737,否,407.5,127,135,135
上海市浦东新区彭镇中学,上海师范大学附属中学,714.5,否,393,116,133,130
上海市浦东新区彭镇中学,上海市洋泾中学,677.5,否,358.5,111,123,132
上海市浦东新区彭镇中学,上海市高桥中学,681.5,否,373.5,111,129,120.5
上海市浦东新区彭镇中学,上海市川沙中学,673.5,否,366,114,121,118
初中学校,招生学校,录取最低分     (含学业考总成绩和综合素质评价成绩),是否同分优待,语数外,数学,语文,综合测试
上海市浦东新区彭镇中学,华东师范大学第二附属中学临港奉贤分校,697.5,否,384.5,117,131,122
上海市秋萍学校,上海中学东校,716,否,387.5,122,125,139
上海市秋萍学校,上海市建平中学,739.5,否,406,141,125,139
上海市秋萍学校,上海市进才中学,725.5,否,395.5,122,130,132
上海市秋萍学校,上海南汇中学,720,否,387,124,125,139
上海市秋萍学校,上海市浦东复旦附中分校,734,否,403.5,136,128,139
上海市秋萍学校,上海师范大学附属中学,724,否,389.5,122,131,145
上海市秋萍学校,上海市洋泾中学,729,否,402,124,136,132
上海市秋萍学校,上海市高桥中学,702,否,381.5,119,122,129
上海市秋萍学校,上海市川沙中学,718.5,否,390.5,122,128,140
上海市秋萍学校,华东师范大学第二附属中学临港奉贤分校,699.5,否,378,123,123,133
上海市三墩学校,上海市建平中学,719,否,390.5,122,132,135
上海市三墩学校,上海市进才中学,679.5,否,366,94,136,126
上海市三墩学校,上海市浦东复旦附中分校,701.5,否,378.5,125,124,138
上海市三墩学校,上海市洋泾中学,685.5,否,362.5,110,123,131
上海市三墩学校,华东师范大学第二附属中学临港奉贤分校,718,否,398,128,129,130
上海市万祥学校,复旦大学附属中学,723.5,否,388,128,125,139
上海市万祥学校,上海中学东校,693,否,376,119,125,127
上海市万祥学校,上海市建平中学,706.5,否,378,116,127,139
上海市万祥学校,上海市进才中学,729,否,396.5,127,131,139
上海市万祥学校,上海南汇中学,677.5,否,368.5,110,123,129
上海市万祥学校,上海市浦东复旦附中分校,702.5,否,383,127,124,132
上海市万祥学校,上海市洋泾中学,667.5,否,360.5,108,121,121
上海市万祥学校,上海市高桥中学,665.5,否,371,117,124,114
上海市万祥学校,上海市川沙中学,710.5,否,383,127,132,139
上海市万祥学校,华东师范大学第二附属中学临港奉贤分校,686,否,375.5,113,126,127
上海市宣桥学校,上海中学东校,687.5,否,372,124,126,129
上海市宣桥学校,上海市建平中学,729,否,406,139,129,132
上海市宣桥学校,上海市进才中学,718,否,396.5,131,132,127
上海市宣桥学校,华东师范大学第二附属中学,727,否,400.5,120,134,132
初中学校,招生学校,录取最低分     (含学业考总成绩和综合素质评价成绩),是否同分优待,语数外,数学,语文,综合测试
上海市宣桥学校,上海南汇中学,681.5,否,361,115,117,134
上海市宣桥学校,上海市浦东复旦附中分校,702.5,否,393.5,120,131,122
上海市宣桥学校,上海市洋泾中学,691.5,否,374.5,119,126,125
上海市宣桥学校,上海市高桥中学,687,否,386,112,129,115.5
上海市宣桥学校,上海市川沙中学,692.5,否,376.5,122,128,127
上海市航头学校,上海中学东校,731,否,405,131,132,133.5
上海市航头学校,上海市建平中学,740.5,否,410,137,131,140
上海市航头学校,上海市进才中学,726.5,否,403.5,130,130,133
上海市航头学校,华东师范大学第二附属中学,687,否,369.5,109,124,127
上海市航头学校,上海南汇中学,719.5,否,385.5,131,127,144
上海市航头学校,上海市浦东复旦附中分校,737,否,407,133,130,137
上海市航头学校,上海市洋泾中学,726.5,否,401.5,128,131,137
上海市航头学校,上海市高桥中学,712,否,393,139,120,131
上海市航头学校,上海市川沙中学,721,否,395,130,125,140
上海市周浦育才学校,上海中学东校,700.5,否,385,124,129,124
上海市周浦育才学校,上海市建平中学,709.5,否,385,125,133,139
上海市周浦育才学校,上海市进才中学,703,否,383,131,127,124
上海市周浦育才学校,上海南汇中学,699.5,否,384,121,131,122
上海市周浦育才学校,上海市浦东复旦附中分校,706,否,381.5,121,126,130
上海市周浦育才学校,上海市洋泾中学,703,否,378,111,131,135
上海市周浦育才学校,上海市高桥中学,693.5,否,382,122,132,124
上海市周浦育才学校,上海市川沙中学,707.5,否,385,127,126,128
上海市实验学校附属光明学校,上海中学东校,724,否,395,120,129,139
上海市实验学校附属光明学校,上海市建平中学,742,否,414,143,132,136
上海市实验学校附属光明学校,上海市进才中学,728,否,400.5,117,140,134
上海市实验学校附属光明学校,上海南汇中学,715,否,392,122,129,135
上海市实验学校附属光明学校,上海市浦东复旦附中分校,729,否,396.5,121,132,142
上海市实验学校附属光明学校,上海市洋泾中学,722.5,否,398.5,128,130,139
上海市实验学校附属光明学校,上海市高桥中学,710,否,393.5,125,127,124
上海市实验学校附属光明学校,上海市川沙中学,713.5,否,390,125,125,132
初中学校,招生学校,录取最低分     (含学业考总成绩和综合素质评价成绩),是否同分优待,语数外,数学,语文,综合测试
上海市东海学校,上海中学东校,694.5,否,369.5,115,122,139
上海市东海学校,上海市建平中学,737,否,397,129,126,144
上海市东海学校,上海市进才中学,711,否,383.5,118,129,137
上海市东海学校,上海市浦东复旦附中分校,699,否,383,114,135,124
上海市东海学校,上海市洋泾中学,665.5,否,358,112,119,118
上海市东海学校,上海市川沙中学,683,否,364.5,120,124,133
上海市康城学校,复旦大学附属中学,749,否,415.5,139,134,143
上海市康城学校,上海中学东校,712.5,否,388.5,126,128,136
上海市康城学校,上海市建平中学,737,否,401,128,131,142
上海市康城学校,上海市进才中学,728,否,397,122,130,135
上海市康城学校,上海南汇中学,717.5,否,395.5,129,126,129
上海市康城学校,上海市浦东复旦附中分校,725.5,否,393.5,113,136,141
上海市康城学校,上海市洋泾中学,721,否,393.5,118,133,136
上海市康城学校,上海市高桥中学,713,否,395.5,123,128,128
上海市康城学校,上海市川沙中学,717.5,否,392.5,128,126,131
上海市下沙学校,上海中学东校,718,否,407,142,128,134
上海市下沙学校,上海市建平中学,735,否,406,133,129,137.5
上海市下沙学校,上海市进才中学,725.5,否,398.5,120,137,134
上海市下沙学校,华东师范大学第二附属中学,749.5,否,412.5,133,138,140
上海市下沙学校,上海南汇中学,699,否,383.5,120,127,123
上海市下沙学校,上海市浦东复旦附中分校,732,否,412,139,134,130
上海市下沙学校,上海市洋泾中学,693,否,378.5,119,126,123
上海市下沙学校,上海市高桥中学,696.5,否,379.5,125,128,124
上海市下沙学校,上海市川沙中学,700,否,386.5,133,127,131
上海市民办尚德实验学校,上海中学东校,735.5,否,402,126,131,140
上海市民办尚德实验学校,上海市建平中学,748,否,412,135,133,141
上海市民办尚德实验学校,上海市进才中学,742,否,402.5,129,131,146
上海市民办尚德实验学校,上海南汇中学,713,否,394.5,124,130,131
上海市民办尚德实验学校,上海市浦东复旦附中分校,756.5,否,418,132,137,142
上海市民办尚德实验学校,上海市洋泾中学,727.5,否,398.5,131,129,138
初中学校,招生学校,录取最低分     (含学业考总成绩和综合素质评价成绩),是否同分优待,语数外,数学,语文,综合测试
上海市民办尚德实验学校,上海市高桥中学,708.5,否,388.5,119,131,130
上海市民办尚德实验学校,上海市川沙中学,722.5,否,385.5,117,130,140
上海浦东新区民办远翔实验学校,上海市上海中学,749.5,否,421.5,137,137,133
上海浦东新区民办远翔实验学校,上海中学东校,725,否,402.5,131,129,131
上海浦东新区民办远翔实验学校,上海市建平中学,742,否,409,135,127,137
上海浦东新区民办远翔实验学校,上海市进才中学,741.5,否,426.5,139,141,123
上海浦东新区民办远翔实验学校,上海南汇中学,715,否,392,118,136,130
上海浦东新区民办远翔实验学校,上海市浦东复旦附中分校,748,否,413.5,142,127,143
上海浦东新区民办远翔实验学校,上海市洋泾中学,728.5,否,391.5,122,126,140
上海浦东新区民办远翔实验学校,上海市高桥中学,722.5,否,400.5,120,134,132
上海浦东新区民办远翔实验学校,上海市川沙中学,721.5,否,401.5,125,131,128
上海浦东新区民办进德外国语中学,上海中学东校,732.5,否,401,131,127,143
上海浦东新区民办进德外国语中学,上海市建平中学,754,否,420,133,141,140
上海浦东新区民办进德外国语中学,上海市进才中学,747,否,410.5,131,137,140
上海浦东新区民办进德外国语中学,上海南汇中学,702.5,否,371.5,114,127,138
上海浦东新区民办进德外国语中学,上海市浦东复旦附中分校,749.5,否,415.5,143,126,147
上海浦东新区民办进德外国语中学,上海市洋泾中学,729,否,401.5,121,135,134
上海浦东新区民办进德外国语中学,上海市高桥中学,705,否,385,127,121,128
上海浦东新区民办进德外国语中学,上海市川沙中学,708.5,否,388,119,131,127
上海市周浦实验学校,上海中学东校,726,否,403,127,135,134.5
上海市周浦实验学校,上海市建平中学,740,否,415.5,139,135,133
上海市周浦实验学校,上海市进才中学,732,否,406.5,129,134,128
上海市周浦实验学校,上海南汇中学,714.5,否,392.5,134,126,132
上海市周浦实验学校,上海市浦东复旦附中分校,749,否,415.5,146,129,144
上海市周浦实验学校,上海市洋泾中学,723.5,否,399.5,121,135,132
上海市周浦实验学校,上海市高桥中学,719,否,388,116,132,138
上海市周浦实验学校,上海市川沙中学,716.5,否,388,127,124,134
上海浦东新区民办更新学校,上海市进才中学,662.5,否,366,104,128,121
上海浦东新区民办更新学校,上海市浦东复旦附中分校,679.5,否,367,116,123,125
上海民办华曜浦东实验学校,上海中学东校,733,否,398.5,137,129,144
初中学校,招生学校,录取最低分     (含学业考总成绩和综合素质评价成绩),是否同分优待,语数外,数学,语文,综合测试
上海民办华曜浦东实验学校,上海市建平中学,748.5,否,413.5,135,131,138
上海民办华曜浦东实验学校,上海市进才中学,746,否,409,139,131,147
上海民办华曜浦东实验学校,上海南汇中学,710,否,378,113,124,137
上海民办华曜浦东实验学校,上海市洋泾中学,732,否,404,132,132,135
上海民办华曜浦东实验学校,上海市高桥中学,703.5,否,384.5,122,129,132
上海民办华曜浦东实验学校,上海市川沙中学,714.5,否,382,126,123,143
华东师范大学第二附属中学前滩学校,上海中学东校,734.5,否,402,131,132,137
华东师范大学第二附属中学前滩学校,上海市建平中学,756,否,413.5,140,131,141
华东师范大学第二附属中学前滩学校,上海市进才中学,739.5,否,404.5,128,131,140
华东师范大学第二附属中学前滩学校,上海南汇中学,721.5,否,398,126,126,130
华东师范大学第二附属中学前滩学校,上海市浦东复旦附中分校,751.5,否,414.5,137,134,140
华东师范大学第二附属中学前滩学校,上海市洋泾中学,733.5,否,403,131,131,136
华东师范大学第二附属中学前滩学校,上海市高桥中学,722.5,否,397,127,132,132
华东师范大学第二附属中学前滩学校,上海市川沙中学,713,否,386,122,131,139.5
上海浦东新区民办宏文学校,上海中学东校,720,否,386.5,115,131,138
上海浦东新区民办宏文学校,上海市建平中学,748,否,409,130,133,144
上海浦东新区民办宏文学校,上海市进才中学,742.5,否,406.5,135,128,142
上海浦东新区民办宏文学校,上海市浦东复旦附中分校,750,否,407,137,128,146
上海浦东新区民办宏文学校,上海师范大学附属中学,715.5,否,396,118,136,132
上海浦东新区民办宏文学校,上海市洋泾中学,707,否,379,112,130,136
上海浦东新区民办宏文学校,上海市高桥中学,691,否,379,109,128,122
上海浦东新区民办宏文学校,上海市川沙中学,703,否,379.5,115,121,131
上海科技大学附属学校,上海中学东校,723.5,否,400.5,124,130,129
上海科技大学附属学校,上海市建平中学,748,否,415,145,131,142
上海科技大学附属学校,上海市进才中学,741,否,410,128,138,138
上海科技大学附属学校,上海南汇中学,716.5,否,395.5,123,128,127
上海科技大学附属学校,上海市浦东复旦附中分校,747.5,否,417.5,139,135,139
上海科技大学附属学校,上海师范大学附属中学,725,否,400.5,127,129,128
上海科技大学附属学校,上海市洋泾中学,721.5,否,392,129,131,139
上海科技大学附属学校,上海市高桥中学,704.5,否,384.5,131,123,128
初中学校,招生学校,录取最低分     (含学业考总成绩和综合素质评价成绩),是否同分优待,语数外,数学,语文,综合测试
上海科技大学附属学校,上海市川沙中学,714,否,397,120,135,125
上海浦东民办未来科技学校,上海中学东校,730.5,否,407,130,134,129
上海浦东民办未来科技学校,上海市建平中学,753.5,否,416.5,137,134,141
上海浦东民办未来科技学校,上海市进才中学,739,否,407.5,131,130,137
上海浦东民办未来科技学校,上海南汇中学,707.5,否,390.5,124,132,123
上海浦东民办未来科技学校,上海市浦东复旦附中分校,751.5,否,418.5,142,134,134
上海浦东民办未来科技学校,上海市洋泾中学,726,否,396.5,125,129,135
上海浦东民办未来科技学校,上海市高桥中学,708,否,384.5,116,125,134
上海浦东民办未来科技学校,上海市川沙中学,734,否,398.5,128,130,142
上海市浦东新区东城学校,上海南汇中学,677.5,否,368,121,120,125
