年份,区域,初中学校,高中学校,录取分数线
2024,嘉定,初中学校,,录取最低分     (含学业考总成绩和综合素质评价成绩)
2024,嘉定,上海市嘉定区启良中学,,722
2024,嘉定,上海市嘉定区启良中学,,728.5
2024,嘉定,上海市嘉定区方泰中学,,720.5
2024,嘉定,上海市嘉定区方泰中学,,732
2024,嘉定,上海市曹杨二中附属江桥实验中学,,755
2024,嘉定,上海市曹杨二中附属江桥实验中学,,725
2024,嘉定,上海市曹杨二中附属江桥实验中学,,729
2024,嘉定,上海市嘉定区迎园中学,,731
2024,嘉定,上海市嘉定区迎园中学,,739
2024,嘉定,上海市嘉定区南苑中学,,722
2024,嘉定,上海市嘉定区南苑中学,,734
2024,嘉定,上海市嘉定区黄渡中学,,714.5
2024,嘉定,上海市嘉定区黄渡中学,,724
2024,嘉定,上海市嘉定区徐行中学,,727.5
2024,嘉定,上海市嘉定区徐行中学,,730.5
2024,嘉定,上海市嘉定区马陆育才联合中学,,720.5
2024,嘉定,上海市嘉定区马陆育才联合中学,,704.5
2024,嘉定,上海市嘉定区马陆育才联合中学,,716.5
2024,嘉定,上海市民办嘉一联合中学,,728
2024,嘉定,上海市民办嘉一联合中学,,744.5
2024,嘉定,上海市嘉定区丰庄中学,,729.5
2024,嘉定,上海市嘉定区丰庄中学,,737.5
2024,嘉定,上海市嘉定区丰庄中学,,716.5
2024,嘉定,上海市嘉定区外冈中学,,710.5
2024,嘉定,上海市嘉定区外冈中学,,727.5
2024,嘉定,上海市嘉定区外冈中学,,743.5
2024,嘉定,上海民办华曜嘉定初级中学,,719
2024,嘉定,上海民办华曜嘉定初级中学,,749.5
2024,嘉定,初中学校,,录取最低分     (含学业考总成绩和综合素质评价成绩)
2024,嘉定,上海市嘉定区震川中学,,726
2024,嘉定,上海市嘉定区震川中学,,735.5
2024,嘉定,上海大学附属嘉定留云中学,,707.5
2024,嘉定,上海大学附属嘉定留云中学,,734
2024,嘉定,交大附中附属嘉定德富中学,,763
2024,嘉定,交大附中附属嘉定德富中学,,728
2024,嘉定,交大附中附属嘉定德富中学,,745
2024,嘉定,同济大学附属实验中学,,728
2024,嘉定,同济大学附属实验中学,,749.5
2024,嘉定,上海市嘉定区华江中学,,725.5
2024,嘉定,上海市嘉定区华江中学,,732
2024,嘉定,上海市嘉定区新城实验中学,,729.5
2024,嘉定,上海市嘉定区新城实验中学,,739
2024,嘉定,上海市嘉定区南翔中学,,728.5
2024,嘉定,上海市嘉定区南翔中学,,731.5
2024,嘉定,上海市嘉定区疁城实验学校,,715
2024,嘉定,上海市嘉定区疁城实验学校,,728
2024,嘉定,上海市嘉定区戬浜学校,,722.5
2024,嘉定,上海市嘉定区戬浜学校,,726.5
2024,嘉定,上海市嘉定区朱桥学校,,713.5
2024,嘉定,上海市嘉定区朱桥学校,,722
2024,嘉定,上海市嘉定区苏民学校,,724
2024,嘉定,上海市嘉定区苏民学校,,739
2024,嘉定,上海市民办远东学校,,728.5
2024,嘉定,上海市民办远东学校,,747.5
2024,嘉定,上海市民办桃李园实验学校,,727
2024,嘉定,上海市民办桃李园实验学校,,745
2024,嘉定,上海市嘉定区华亭学校,,699
2024,嘉定,上海市嘉定区华亭学校,,725
2024,嘉定,上海市嘉定区娄塘学校,,696.5
2024,嘉定,初中学校,,录取最低分     (含学业考总成绩和综合素质评价成绩)
2024,嘉定,上海市嘉定区娄塘学校,,703.5
2024,嘉定,上海外国语大学嘉定外国语学校,,755
2024,嘉定,上海外国语大学嘉定外国语学校,,727
2024,嘉定,上海外国语大学嘉定外国语学校,,745
2024,嘉定,上海市嘉定区练川实验学校,,726
2024,嘉定,上海市嘉定区练川实验学校,,734.5
2024,嘉定,上海华旭双语学校,,751.5
2024,嘉定,上海华旭双语学校,,730
2024,嘉定,上海华旭双语学校,,743
2024,嘉定,中科院上海实验学校,,728.5
2024,嘉定,中科院上海实验学校,,736.5
2024,嘉定,中科院上海实验学校,,756.5
2024,嘉定,上海嘉定区世界外国语学校,,725.5
2024,嘉定,上海嘉定区世界外国语学校,,740.5
2024,嘉定,上海嘉定区世界外国语学校,,762
2024,嘉定,上海市嘉定区金鹤学校,,726.5
2024,嘉定,上海市嘉定区金鹤学校,,733.5
2024,嘉定,上海市嘉定区嘉二实验学校,,756.5
2024,嘉定,上海市嘉定区嘉二实验学校,,721
2024,嘉定,上海市嘉定区嘉二实验学校,,725
2024,嘉定,上海嘉定区民办华盛怀少学校,,728.5
2024,嘉定,上海嘉定区民办华盛怀少学校,,750
2024,奉贤,初中学校,,录取最低分     (含学业考总成绩和综合素质评价成绩)
2024,奉贤,上海市奉贤区青少年业余体育学校,,661.5
2024,奉贤,上海市奉贤区古华中学,,721
2024,奉贤,上海市奉贤区古华中学,,715
2024,奉贤,上海市奉贤区古华中学,,705.5
2024,奉贤,上海市奉贤区实验中学,,725.5
2024,奉贤,上海市奉贤区实验中学,,753
2024,奉贤,上海市奉贤区实验中学,,722
2024,奉贤,上海市奉贤区实验中学,,731
2024,奉贤,上海市奉贤区实验中学,,728
2024,奉贤,上海市奉贤中学附属南桥中学,,720
2024,奉贤,上海市奉贤中学附属南桥中学,,725.5
2024,奉贤,上海市奉贤中学附属南桥中学,,723.5
2024,奉贤,上海市奉贤区汇贤中学,,732.5
2024,奉贤,上海市奉贤区汇贤中学,,740
2024,奉贤,上海市奉贤区汇贤中学,,740.5
2024,奉贤,上海市奉贤区塘外中学,,698
2024,奉贤,上海市奉贤区塘外中学,,675.5
2024,奉贤,上海市奉贤区青村中学,,693
2024,奉贤,上海市奉贤区青村中学,,720
2024,奉贤,上海市奉贤区青村中学,,688
2024,奉贤,上海市奉贤区奉城第二中学,,709.5
2024,奉贤,上海市奉贤区奉城第二中学,,712.5
2024,奉贤,上海市奉贤区奉城第二中学,,708
2024,奉贤,上海市奉贤区头桥中学,,687
2024,奉贤,上海市奉贤区头桥中学,,705
2024,奉贤,上海市奉贤区头桥中学,,700
2024,奉贤,上海市奉贤区洪庙中学,,679
2024,奉贤,上海市奉贤区洪庙中学,,687.5
2024,奉贤,初中学校,,录取最低分     (含学业考总成绩和综合素质评价成绩)
2024,奉贤,上海市奉贤区洪庙中学,,670.5
2024,奉贤,上海市奉贤区四团中学,,701.5
2024,奉贤,上海市奉贤区四团中学,,696.5
2024,奉贤,上海市奉贤区四团中学,,714
2024,奉贤,上海市奉贤区四团中学,,728.5
2024,奉贤,上海市奉贤区青溪中学,,727.5
2024,奉贤,上海市奉贤区青溪中学,,752.5
2024,奉贤,上海市奉贤区青溪中学,,736
2024,奉贤,上海市奉贤区青溪中学,,736
2024,奉贤,上海市奉贤区尚同中学,,724.5
2024,奉贤,上海市奉贤区尚同中学,,733
2024,奉贤,上海市奉贤区尚同中学,,709.5
2024,奉贤,上海外国语大学附属奉贤实验中学,,726.5
2024,奉贤,上海外国语大学附属奉贤实验中学,,724
2024,奉贤,上海外国语大学附属奉贤实验中学,,731.5
2024,奉贤,上海市奉贤区崇实中学,,727
2024,奉贤,上海市奉贤区崇实中学,,739
2024,奉贤,上海市奉贤区崇实中学,,733
2024,奉贤,上海市奉贤区待问中学,,733
2024,奉贤,上海市奉贤区待问中学,,724
2024,奉贤,上海市奉贤区待问中学,,721.5
2024,奉贤,上海市奉贤中学附属初级中学,,696.5
2024,奉贤,上海市奉贤中学附属初级中学,,720
2024,奉贤,上海市奉贤中学附属初级中学,,721.5
2024,奉贤,上海市奉贤区肖塘中学,,688
2024,奉贤,上海市奉贤区肖塘中学,,716.5
2024,奉贤,上海市奉贤区肖塘中学,,709
2024,奉贤,上海市奉贤区育秀中学,,733
2024,奉贤,上海市奉贤区育秀中学,,736
2024,奉贤,上海市奉贤区育秀中学,,730.5
2024,奉贤,初中学校,,录取最低分     (含学业考总成绩和综合素质评价成绩)
2024,奉贤,上海市奉贤区华亭学校,,727
2024,奉贤,上海市奉贤区华亭学校,,731.5
2024,奉贤,上海市奉贤区华亭学校,,728
2024,奉贤,上海市奉贤区西渡学校,,712
2024,奉贤,上海市奉贤区西渡学校,,726
2024,奉贤,上海市奉贤区西渡学校,,721.5
2024,奉贤,上海市奉贤区新寺学校,,694.5
2024,奉贤,上海市奉贤区新寺学校,,668
2024,奉贤,上海奉贤区博华双语学校,,709
2024,奉贤,上海奉贤区博华双语学校,,726.5
2024,奉贤,上海奉贤区博华双语学校,,726.5
2024,奉贤,上海市奉贤区胡桥学校,,662.5
2024,奉贤,上海市奉贤区胡桥学校,,677.5
2024,奉贤,上海市奉贤区柘林学校,,703.5
2024,奉贤,上海市奉贤区柘林学校,,710
2024,奉贤,上海市奉贤区柘林学校,,687
2024,奉贤,上海市奉贤区阳光外国语学校,,725
2024,奉贤,上海市奉贤区阳光外国语学校,,733
2024,奉贤,上海市奉贤区阳光外国语学校,,723
2024,奉贤,上海市奉贤区庄行学校,,690.5
2024,奉贤,上海市奉贤区庄行学校,,707.5
2024,奉贤,上海市奉贤区庄行学校,,702.5
2024,奉贤,上海市奉贤区邬桥学校,,702
2024,奉贤,上海市奉贤区邬桥学校,,714.5
2024,奉贤,上海市奉贤区邬桥学校,,714.5
2024,奉贤,上海市奉贤区金汇学校,,697.5
2024,奉贤,上海市奉贤区金汇学校,,723.5
2024,奉贤,上海市奉贤区金汇学校,,722.5
2024,奉贤,上海市奉贤区齐贤学校,,680.5
2024,奉贤,上海市奉贤区齐贤学校,,680.5
2024,奉贤,初中学校,,录取最低分     (含学业考总成绩和综合素质评价成绩)
2024,奉贤,上海市奉贤区齐贤学校,,684
2024,奉贤,上海市奉贤区泰日学校,,715
2024,奉贤,上海市奉贤区泰日学校,,716
2024,奉贤,上海市奉贤区泰日学校,,717
2024,奉贤,上海市奉贤中学附属三官堂学校,,725
2024,奉贤,上海市奉贤中学附属三官堂学校,,723.5
2024,奉贤,上海市奉贤区钱桥学校,,681
2024,奉贤,上海市奉贤区钱桥学校,,695.5
2024,奉贤,上海市奉贤区钱桥学校,,688.5
2024,奉贤,上海市奉贤区平安学校,,716
2024,奉贤,上海市奉贤区平安学校,,719
2024,奉贤,上海市奉贤区平安学校,,750
2024,奉贤,上海市奉贤区邵厂学校,,689
2024,奉贤,上海市奉贤区邵厂学校,,657
2024,奉贤,上海市奉贤区弘文学校,,730.5
2024,奉贤,上海市奉贤区弘文学校,,738
2024,奉贤,上海市奉贤区弘文学校,,735
2024,奉贤,上海市奉贤区弘文学校,,733.5
2024,奉贤,上海市奉贤区星火学校,,690.5
2024,奉贤,上海市奉贤区星火学校,,703
2024,奉贤,上海市奉贤区星火学校,,703
2024,奉贤,上海市奉贤区五四学校,,678.5
2024,奉贤,上海市奉贤区五四学校,,698.5
2024,奉贤,上海市奉贤区肇文学校,,708
2024,奉贤,上海市奉贤区肇文学校,,713
2024,奉贤,上海市奉贤区肇文学校,,729.5
2024,奉贤,上海市奉贤区奉浦中学,,711
2024,奉贤,上海市奉贤区奉浦中学,,717.5
2024,奉贤,上海市奉贤区奉浦中学,,715
2024,奉贤,上海奉贤区世外教育附属临港外国语学校,,704.5
2024,奉贤,初中学校,,录取最低分     (含学业考总成绩和综合素质评价成绩)
2024,奉贤,上海奉贤区世外教育附属临港外国语学校,,719.5
2024,奉贤,上海奉贤区世外教育附属临港外国语学校,,713
2024,奉贤,柘林学校师大附中教学点,,662.5
2024,奉贤,柘林学校师大附中教学点,,710.5
2024,奉贤,柘林学校师大附中教学点,,669
2024,宝山,初中学校,,录取最低分     (含学业考总成绩和综合素质评价成绩)
2024,宝山,上海市淞谊中学,,730
2024,宝山,上海市淞谊中学,,715
2024,宝山,上海市淞谊中学,,702
2024,宝山,上海市淞谊中学,,716.5
2024,宝山,上海市淞谊中学,,745
2024,宝山,上海市宝山区教育学院附属中学,,732.5
2024,宝山,上海市宝山区教育学院附属中学,,717.5
2024,宝山,上海市宝山区教育学院附属中学,,713.5
2024,宝山,上海市宝山区教育学院附属中学,,725.5
2024,宝山,上海市宝山区教育学院附属中学,,748
2024,宝山,上海市吴淞初级中学,,686.5
2024,宝山,上海市吴淞初级中学,,664
2024,宝山,上海市吴淞初级中学,,675.5
2024,宝山,上海市吴淞初级中学,,676
2024,宝山,上海市海滨第二中学,,719
2024,宝山,上海市海滨第二中学,,703.5
2024,宝山,上海市海滨第二中学,,718.5
2024,宝山,上海市海滨第二中学,,756
2024,宝山,上海民办宝莲中学,,759.5
2024,宝山,上海民办宝莲中学,,740
2024,宝山,上海民办宝莲中学,,721.5
2024,宝山,上海民办宝莲中学,,727
2024,宝山,上海民办宝莲中学,,721.5
2024,宝山,上海民办宝莲中学,,755.5
2024,宝山,上海市吴淞第二中学,,712
2024,宝山,上海市吴淞第二中学,,684
2024,宝山,上海市吴淞第二中学,,706
2024,宝山,上海市吴淞第二中学,,744
2024,宝山,初中学校,,录取最低分     (含学业考总成绩和综合素质评价成绩)
2024,宝山,上海市虎林中学,,765.5
2024,宝山,上海市虎林中学,,715
2024,宝山,上海市虎林中学,,715
2024,宝山,上海市虎林中学,,714
2024,宝山,上海市虎林中学,,735
2024,宝山,上海市泗塘中学,,731
2024,宝山,上海市泗塘中学,,716
2024,宝山,上海市泗塘中学,,727.5
2024,宝山,上海市泗塘中学,,713
2024,宝山,上海市泗塘中学,,741.5
2024,宝山,上海市宝山区求真中学北校,,718.5
2024,宝山,上海市宝山区求真中学北校,,714
2024,宝山,上海市宝山区求真中学北校,,707
2024,宝山,上海市宝山区求真中学北校,,745
2024,宝山,上海市泗塘第二中学,,715
2024,宝山,上海市泗塘第二中学,,708.5
2024,宝山,上海市泗塘第二中学,,696
2024,宝山,上海市泗塘第二中学,,660.5
2024,宝山,上海市泗塘第二中学,,703.5
2024,宝山,上海市泗塘第二中学,,718.5
2024,宝山,上海市长江第二中学,,722.5
2024,宝山,上海市长江第二中学,,710.5
2024,宝山,上海市长江第二中学,,714
2024,宝山,上海市长江第二中学,,757
2024,宝山,上海市宝山区求真中学,,739
2024,宝山,上海市宝山区求真中学,,719
2024,宝山,上海市宝山区求真中学,,731
2024,宝山,上海市宝山区求真中学,,717.5
2024,宝山,上海市宝山区求真中学,,752
2024,宝山,上海市宝山区求真中学,,757.5
2024,宝山,初中学校,,录取最低分     (含学业考总成绩和综合素质评价成绩)
2024,宝山,上海市大场中学,,729
2024,宝山,上海市大场中学,,712
2024,宝山,上海市大场中学,,709.5
2024,宝山,上海市大场中学,,704.5
2024,宝山,上海市大场中学,,726.5
2024,宝山,上海市大华中学,,734.5
2024,宝山,上海市大华中学,,723.5
2024,宝山,上海市大华中学,,715
2024,宝山,上海市大华中学,,700.5
2024,宝山,上海市大华中学,,743
2024,宝山,上海市月浦中学,,734.5
2024,宝山,上海市月浦中学,,714
2024,宝山,上海市月浦中学,,703.5
2024,宝山,上海市月浦中学,,715
2024,宝山,上海市月浦中学,,708
2024,宝山,上海市月浦中学,,734.5
2024,宝山,上海市罗泾中学,,701
2024,宝山,上海市罗泾中学,,711.5
2024,宝山,上海市罗泾中学,,744
2024,宝山,上海市罗泾中学,,705.5
2024,宝山,上海市罗泾中学,,745
2024,宝山,上海市罗南中学,,723
2024,宝山,上海市罗南中学,,713.5
2024,宝山,上海市罗南中学,,712
2024,宝山,上海市罗南中学,,717
2024,宝山,上海市罗南中学,,715
2024,宝山,上海市罗南中学,,734.5
2024,宝山,上海市民办交华中学,,734.5
2024,宝山,上海市民办交华中学,,714
2024,宝山,上海市民办交华中学,,740
2024,宝山,初中学校,,录取最低分     (含学业考总成绩和综合素质评价成绩)
2024,宝山,上海市民办交华中学,,708
2024,宝山,上海市民办交华中学,,753
2024,宝山,上海市宝山区高境镇第三中学,,732.5
2024,宝山,上海市宝山区高境镇第三中学,,699.5
2024,宝山,上海市宝山区高境镇第三中学,,716.5
2024,宝山,上海市宝山区高境镇第三中学,,736
2024,宝山,上海市宝山区罗店第二中学,,726.5
2024,宝山,上海市宝山区罗店第二中学,,717
2024,宝山,上海市宝山区罗店第二中学,,706
2024,宝山,上海市宝山区罗店第二中学,,735.5
2024,宝山,上海市宝山区乐之中学,,715
2024,宝山,上海市宝山区乐之中学,,705.5
2024,宝山,上海市宝山区乐之中学,,694.5
2024,宝山,上海市宝山区乐之中学,,729.5
2024,宝山,上海市宝山区美兰湖中学,,720
2024,宝山,上海市宝山区美兰湖中学,,715.5
2024,宝山,上海市宝山区美兰湖中学,,711.5
2024,宝山,上海市宝山区美兰湖中学,,732
2024,宝山,上海市宝山区杨泰实验中学,,735.5
2024,宝山,上海市宝山区杨泰实验中学,,715
2024,宝山,上海市宝山区杨泰实验中学,,733.5
2024,宝山,上海市宝山区杨泰实验中学,,715
2024,宝山,上海市宝山区杨泰实验中学,,747.5
2024,宝山,上海师范大学附属宝山经纬实验中学,,734
2024,宝山,上海师范大学附属宝山经纬实验中学,,723.5
2024,宝山,上海师范大学附属宝山经纬实验中学,,732
2024,宝山,上海师范大学附属宝山经纬实验中学,,707.5
2024,宝山,上海师范大学附属宝山经纬实验中学,,748.5
2024,宝山,上海师范大学附属宝山罗店中学,,694.5
2024,宝山,上海师范大学附属宝山罗店中学,,694.5
2024,宝山,初中学校,,录取最低分     (含学业考总成绩和综合素质评价成绩)
2024,宝山,上海师范大学附属宝山罗店中学,,740.5
2024,宝山,上海师范大学附属宝山罗店中学,,698
2024,宝山,上海师范大学附属宝山罗店中学,,728
2024,宝山,上海市顾村中学,,722.5
2024,宝山,上海市顾村中学,,709
2024,宝山,上海市顾村中学,,702
2024,宝山,上海市顾村中学,,748
2024,宝山,上海市行知实验中学,,754
2024,宝山,上海市行知实验中学,,738
2024,宝山,上海市行知实验中学,,724
2024,宝山,上海市行知实验中学,,698.5
2024,宝山,上海市行知实验中学,,707.5
2024,宝山,上海市行知实验中学,,747
2024,宝山,上海市高境第一中学,,728.5
2024,宝山,上海市高境第一中学,,709
2024,宝山,上海市高境第一中学,,714
2024,宝山,上海市高境第一中学,,710
2024,宝山,上海市高境第一中学,,732
2024,宝山,上海市盛桥中学,,691
2024,宝山,上海市盛桥中学,,670
2024,宝山,上海市盛桥中学,,680
2024,宝山,上海市盛桥中学,,695.5
2024,宝山,上海市同洲模范学校,,734.5
2024,宝山,上海市同洲模范学校,,714
2024,宝山,上海市同洲模范学校,,712
2024,宝山,上海市同洲模范学校,,740
2024,宝山,上海市宝山实验学校,,737
2024,宝山,上海市宝山实验学校,,710
2024,宝山,上海市宝山实验学校,,736
2024,宝山,上海市宝山实验学校,,721
2024,宝山,初中学校,,录取最低分     (含学业考总成绩和综合素质评价成绩)
2024,宝山,上海市宝山实验学校,,750
2024,宝山,上海市民办锦秋学校,,734.5
2024,宝山,上海市民办锦秋学校,,720
2024,宝山,上海市民办锦秋学校,,709
2024,宝山,上海市民办锦秋学校,,734.5
2024,宝山,上海市月浦实验学校,,742
2024,宝山,上海市月浦实验学校,,716
2024,宝山,上海市月浦实验学校,,726
2024,宝山,上海市月浦实验学校,,714.5
2024,宝山,上海市月浦实验学校,,754
2024,宝山,上海市宝钢新世纪学校,,733
2024,宝山,上海市宝钢新世纪学校,,714.5
2024,宝山,上海市宝钢新世纪学校,,717
2024,宝山,上海市宝钢新世纪学校,,720.5
2024,宝山,上海市宝钢新世纪学校,,751
2024,宝山,上海市吴淞实验学校,,752.5
2024,宝山,上海市吴淞实验学校,,731.5
2024,宝山,上海市吴淞实验学校,,704.5
2024,宝山,上海市吴淞实验学校,,736
2024,宝山,上海市吴淞实验学校,,722
2024,宝山,上海市吴淞实验学校,,741.5
2024,宝山,上海市宝山区天馨学校,,740
2024,宝山,上海市宝山区天馨学校,,724
2024,宝山,上海市宝山区天馨学校,,735
2024,宝山,上海市宝山区天馨学校,,749.5
2024,宝山,上海市宝山区上海大学附属中学实验学校,,737
2024,宝山,上海市宝山区上海大学附属中学实验学校,,723
2024,宝山,上海市宝山区上海大学附属中学实验学校,,729.5
2024,宝山,上海市宝山区上海大学附属中学实验学校,,710.5
2024,宝山,上海市宝山区上海大学附属中学实验学校,,751
2024,宝山,初中学校,,录取最低分     (含学业考总成绩和综合素质评价成绩)
2024,宝山,上海市宝山区共富实验学校,,721.5
2024,宝山,上海市宝山区共富实验学校,,704.5
2024,宝山,上海市宝山区共富实验学校,,701
2024,宝山,上海市宝山区共富实验学校,,708
2024,宝山,上海市宝山区共富实验学校,,738
2024,宝山,华东师范大学宝山实验学校,,736
2024,宝山,华东师范大学宝山实验学校,,724
2024,宝山,华东师范大学宝山实验学校,,715.5
2024,宝山,华东师范大学宝山实验学校,,752
2024,宝山,华东师范大学宝山实验学校,,752.5
2024,宝山,上海大学附属学校,,739
2024,宝山,上海大学附属学校,,726.5
2024,宝山,上海大学附属学校,,733.5
2024,宝山,上海大学附属学校,,713.5
2024,宝山,上海大学附属学校,,751.5
2024,宝山,上海农场学校,,725
2024,宝山,上海农场学校,,692.5
2024,宝山,上海农场学校,,702
2024,宝山,上海农场学校,,737.5
2024,宝山,上海市宝山区馨家园学校,,731
2024,宝山,上海市宝山区馨家园学校,,708
2024,宝山,上海市宝山区馨家园学校,,725.5
2024,宝山,上海市宝山区馨家园学校,,710.5
2024,宝山,上海市宝山区馨家园学校,,743
2024,宝山,上海世外教育附属宝山大华实验学校,,759.5
2024,宝山,上海世外教育附属宝山大华实验学校,,725
2024,宝山,上海世外教育附属宝山大华实验学校,,719
2024,宝山,上海世外教育附属宝山大华实验学校,,696.5
2024,宝山,上海世外教育附属宝山大华实验学校,,739.5
2024,宝山,上海市宝山区教育学院实验学校,,728
2024,宝山,初中学校,,录取最低分     (含学业考总成绩和综合素质评价成绩)
2024,宝山,上海市宝山区教育学院实验学校,,706
2024,宝山,上海市宝山区教育学院实验学校,,716.5
2024,宝山,上海市宝山区教育学院实验学校,,733.5
2024,宝山,上海市宝山区鹿鸣学校,,740.5
2024,宝山,上海市宝山区鹿鸣学校,,719.5
2024,宝山,上海市宝山区鹿鸣学校,,735
2024,宝山,上海市宝山区鹿鸣学校,,711
2024,宝山,上海市宝山区鹿鸣学校,,747
2024,宝山,上海市宝山区庙行实验学校,,715
2024,宝山,上海市宝山区庙行实验学校,,704
2024,宝山,上海市宝山区庙行实验学校,,717.5
2024,宝山,上海市宝山区庙行实验学校,,713
2024,宝山,上海市宝山区庙行实验学校,,741.5
2024,宝山,上海市宝山区顾村实验学校,,730.5
2024,宝山,上海市宝山区顾村实验学校,,710
2024,宝山,上海市宝山区顾村实验学校,,717.5
2024,宝山,上海市宝山区顾村实验学校,,706.5
2024,宝山,上海市宝山区顾村实验学校,,738.5
2024,宝山,上海市教育学会宝山实验学校,,717.5
2024,宝山,上海市教育学会宝山实验学校,,716
2024,宝山,上海市教育学会宝山实验学校,,713.5
2024,宝山,上海市教育学会宝山实验学校,,737.5
2024,宝山,上海市宝山区行知外国语学校,,735.5
2024,宝山,上海市宝山区行知外国语学校,,713.5
2024,宝山,上海市宝山区行知外国语学校,,718
2024,宝山,上海市宝山区行知外国语学校,,718.5
2024,宝山,上海市宝山区行知外国语学校,,752.5
2024,宝山,上海市宝山区新民实验学校,,756.5
2024,宝山,上海市宝山区新民实验学校,,708
2024,宝山,上海市宝山区新民实验学校,,705.5
2024,宝山,初中学校,,录取最低分     (含学业考总成绩和综合素质评价成绩)
2024,宝山,上海市宝山区新民实验学校,,712.5
2024,宝山,上海市宝山区新民实验学校,,743.5
2024,宝山,上海市刘行新华实验学校,,732.5
2024,宝山,上海市刘行新华实验学校,,719
2024,宝山,上海市刘行新华实验学校,,732
2024,宝山,上海市刘行新华实验学校,,716.5
2024,宝山,上海市刘行新华实验学校,,758
2024,宝山,上海民办华曜宝山实验学校,,727
2024,宝山,上海民办华曜宝山实验学校,,717.5
2024,宝山,上海民办华曜宝山实验学校,,724
2024,宝山,上海民办华曜宝山实验学校,,709.5
2024,宝山,上海民办华曜宝山实验学校,,755.5
2024,宝山,上海大学附属宝山外国语学校,,739
2024,宝山,上海大学附属宝山外国语学校,,718.5
2024,宝山,上海大学附属宝山外国语学校,,714.5
2024,宝山,上海大学附属宝山外国语学校,,749.5
2024,宝山,上海市白茅岭学校（上海市白茅岭学校军天湖分校）,,696.5
2024,宝山,上海外国语大学附属宝山双语学校,,726.5
2024,宝山,上海外国语大学附属宝山双语学校,,703
2024,宝山,上海外国语大学附属宝山双语学校,,711
2024,宝山,上海外国语大学附属宝山双语学校,,706.5
2024,宝山,上海外国语大学附属宝山双语学校,,742.5
2024,宝山,上海市行知中学附属宝山实验学校,,728.5
2024,宝山,上海市行知中学附属宝山实验学校,,717.5
2024,宝山,上海市行知中学附属宝山实验学校,,710.5
2024,宝山,上海市行知中学附属宝山实验学校,,750
2024,宝山,上海民办至德实验学校,,759.5
2024,宝山,上海民办至德实验学校,,741.5
2024,宝山,上海民办至德实验学校,,711.5
2024,宝山,上海民办至德实验学校,,717.5
2024,宝山,初中学校,,录取最低分     (含学业考总成绩和综合素质评价成绩)
2024,宝山,上海民办至德实验学校,,724
2024,宝山,上海民办至德实验学校,,751.5
2024,宝山,上海宝山区世外学校,,741
2024,宝山,上海宝山区世外学校,,715.5
2024,宝山,上海宝山区世外学校,,713
2024,宝山,上海宝山区世外学校,,756
2024,宝山,上海师范大学附属宝山实验学校,,748.5
2024,宝山,上海师范大学附属宝山实验学校,,725.5
2024,宝山,上海师范大学附属宝山实验学校,,706
2024,宝山,上海师范大学附属宝山实验学校,,749.5
2024,宝山,上海师范大学附属宝山潜溪学校,,723
2024,宝山,上海师范大学附属宝山潜溪学校,,709.5
2024,宝山,上海师范大学附属宝山潜溪学校,,721
2024,宝山,上海师范大学附属宝山潜溪学校,,730
2024,宝山,上海市存志附属宝山实验学校,,743.5
2024,宝山,上海市存志附属宝山实验学校,,697
2024,宝山,上海市存志附属宝山实验学校,,706.5
2024,宝山,上海市存志附属宝山实验学校,,733
2024,宝山,华东师范大学附属宝山宝杨实验学校,,712.5
2024,宝山,华东师范大学附属宝山宝杨实验学校,,696.5
2024,宝山,华东师范大学附属宝山宝杨实验学校,,699.5
2024,宝山,华东师范大学附属宝山宝杨实验学校,,737
2024,宝山,上海市宝山区陈伯吹罗店实验学校,,696.5
2024,宝山,上海市宝山区陈伯吹罗店实验学校,,708.5
2024,宝山,上海市宝山区陈伯吹罗店实验学校,,692.5
2024,宝山,上海市宝山区陈伯吹罗店实验学校,,705
2024,崇明,初中学校,,录取最低分     (含学业考总成绩和综合素质评价成绩)
2024,崇明,上海市崇明区三星中学,,679.5
2024,崇明,上海市崇明区三星中学,,666.5
2024,崇明,上海市崇明区建设中学,,710.5
2024,崇明,上海市崇明区建设中学,,717
2024,崇明,上海市崇明区合兴中学,,687.5
2024,崇明,上海市崇明区合兴中学,,718
2024,崇明,上海市崇明区向化中学,,663.5
2024,崇明,上海市崇明区向化中学,,706.5
2024,崇明,上海市崇明区崇东中学,,662
2024,崇明,上海市崇明区崇东中学,,703
2024,崇明,上海市崇明区裕安中学,,694.5
2024,崇明,上海市崇明区裕安中学,,703
2024,崇明,上海市崇明区实验中学,,694
2024,崇明,上海市崇明区实验中学,,697.5
2024,崇明,上海市崇明中学附属东门中学,,695.5
2024,崇明,上海市崇明中学附属东门中学,,717.5
2024,崇明,上海市崇明区城桥中学附属明志初级中学,,733
2024,崇明,上海市崇明区城桥中学附属明志初级中学,,673.5
2024,崇明,上海市崇明区城桥中学附属明志初级中学,,675
2024,崇明,上海市崇明区长兴中学,,686.5
2024,崇明,上海市崇明区长兴中学,,683.5
2024,崇明,上海市崇明区长明中学,,662
2024,崇明,上海市崇明区长明中学,,691
2024,崇明,上海师范大学附属崇明正大中学,,747.5
2024,崇明,上海师范大学附属崇明正大中学,,682.5
2024,崇明,上海师范大学附属崇明正大中学,,712.5
2024,崇明,上海市崇明区庙镇学校,,713
2024,崇明,上海市崇明区庙镇学校,,680
2024,崇明,初中学校,,录取最低分     (含学业考总成绩和综合素质评价成绩)
2024,崇明,上海市崇明区庙镇学校,,676
2024,崇明,上海市崇明区大新中学,,657
2024,崇明,上海市崇明区大新中学,,681
2024,崇明,上海市崇明区三烈中学,,675
2024,崇明,上海市崇明区三烈中学,,677
2024,崇明,上海市崇明区三烈中学,,668.5
2024,崇明,上海市崇明区大公中学,,683
2024,崇明,上海市崇明区大公中学,,704
2024,崇明,上海民办民一中学,,704.5
2024,崇明,上海民办民一中学,,727
2024,崇明,上海市崇明区横沙中学,,666.5
2024,崇明,上海市崇明区横沙中学,,676.5
2024,崇明,上海新纪元双语学校,,683
2024,崇明,上海新纪元双语学校,,718.5
2024,崇明,上海市崇明区新海学校,,697
2024,崇明,上海市实验学校附属东滩学校,,684
2024,崇明,上海市实验学校附属东滩学校,,708.5
2024,徐汇,初中学校,,录取最低分     (含学业考总成绩和综合素质评价成绩)
2024,徐汇,上海市位育初级中学,,727
2024,徐汇,上海市位育初级中学,,748
2024,徐汇,上海市位育初级中学,,742
2024,徐汇,上海市位育初级中学,,759
2024,徐汇,上海市位育初级中学,,721.5
2024,徐汇,上海市位育初级中学,,734
2024,徐汇,上海市第二初级中学,,723
2024,徐汇,上海市第二初级中学,,741.5
2024,徐汇,上海市第二初级中学,,722.5
2024,徐汇,上海市第二初级中学,,745.5
2024,徐汇,上海市第二初级中学,,714.5
2024,徐汇,上海市第二初级中学,,717.5
2024,徐汇,上海市南洋模范初级中学,,726
2024,徐汇,上海市南洋模范初级中学,,743
2024,徐汇,上海市南洋模范初级中学,,733.5
2024,徐汇,上海市南洋模范初级中学,,753.5
2024,徐汇,上海市南洋模范初级中学,,719.5
2024,徐汇,上海市南洋模范初级中学,,759.5
2024,徐汇,上海市南洋初级中学,,727.5
2024,徐汇,上海市南洋初级中学,,741.5
2024,徐汇,上海市南洋初级中学,,728.5
2024,徐汇,上海市南洋初级中学,,732
2024,徐汇,上海市南洋初级中学,,719
2024,徐汇,上海市南洋初级中学,,723.5
2024,徐汇,上海市田林中学,,724
2024,徐汇,上海市田林中学,,740.5
2024,徐汇,上海市田林中学,,761.5
2024,徐汇,上海市田林中学,,720
2024,徐汇,初中学校,,录取最低分     (含学业考总成绩和综合素质评价成绩)
2024,徐汇,上海市田林中学,,735
2024,徐汇,上海市田林中学,,715
2024,徐汇,上海市田林第二中学,,711.5
2024,徐汇,上海市田林第二中学,,742
2024,徐汇,上海市田林第二中学,,745
2024,徐汇,上海市田林第二中学,,709.5
2024,徐汇,上海市田林第二中学,,756
2024,徐汇,上海市田林第二中学,,708
2024,徐汇,上海市田林第三中学,,725.5
2024,徐汇,上海市田林第三中学,,745
2024,徐汇,上海市田林第三中学,,737
2024,徐汇,上海市田林第三中学,,751.5
2024,徐汇,上海市田林第三中学,,718
2024,徐汇,上海市田林第三中学,,761
2024,徐汇,上海市田林第三中学,,759
2024,徐汇,上海市龙苑中学,,666.5
2024,徐汇,上海市龙苑中学,,722.5
2024,徐汇,上海市龙苑中学,,669.5
2024,徐汇,上海市龙苑中学,,716
2024,徐汇,上海市龙苑中学,,658
2024,徐汇,上海市徐汇区教育学院附属实验中学,,723
2024,徐汇,上海市徐汇区教育学院附属实验中学,,751
2024,徐汇,上海市徐汇区教育学院附属实验中学,,759
2024,徐汇,上海市徐汇区教育学院附属实验中学,,742
2024,徐汇,上海市徐汇区教育学院附属实验中学,,758
2024,徐汇,上海市徐汇区教育学院附属实验中学,,724.5
2024,徐汇,上海市徐汇区教育学院附属实验中学,,756
2024,徐汇,上海市长桥中学,,723.5
2024,徐汇,上海市长桥中学,,730.5
2024,徐汇,上海市长桥中学,,760.5
2024,徐汇,初中学校,,录取最低分     (含学业考总成绩和综合素质评价成绩)
2024,徐汇,上海市长桥中学,,729.5
2024,徐汇,上海市长桥中学,,751
2024,徐汇,上海市长桥中学,,722.5
2024,徐汇,上海市园南中学,,731.5
2024,徐汇,上海市园南中学,,745
2024,徐汇,上海市园南中学,,756
2024,徐汇,上海市园南中学,,738
2024,徐汇,上海市园南中学,,745
2024,徐汇,上海市园南中学,,707.5
2024,徐汇,上海市汾阳中学,,722
2024,徐汇,上海市汾阳中学,,736.5
2024,徐汇,上海市汾阳中学,,751.5
2024,徐汇,上海市汾阳中学,,724
2024,徐汇,上海市汾阳中学,,746.5
2024,徐汇,上海市汾阳中学,,720.5
2024,徐汇,上海市梅园中学,,726.5
2024,徐汇,上海市梅园中学,,739
2024,徐汇,上海市梅园中学,,732
2024,徐汇,上海市梅园中学,,753.5
2024,徐汇,上海市梅园中学,,730
2024,徐汇,上海市梅园中学,,761
2024,徐汇,上海市紫阳中学,,726.5
2024,徐汇,上海市紫阳中学,,740.5
2024,徐汇,上海市紫阳中学,,737
2024,徐汇,上海市紫阳中学,,758
2024,徐汇,上海市紫阳中学,,723.5
2024,徐汇,上海市紫阳中学,,748.5
2024,徐汇,上海市康健外国语实验中学,,718.5
2024,徐汇,上海市康健外国语实验中学,,737
2024,徐汇,上海市康健外国语实验中学,,743.5
2024,徐汇,初中学校,,录取最低分     (含学业考总成绩和综合素质评价成绩)
2024,徐汇,上海市康健外国语实验中学,,728
2024,徐汇,上海市康健外国语实验中学,,746.5
2024,徐汇,上海市康健外国语实验中学,,715.5
2024,徐汇,上海市世外中学,,713
2024,徐汇,上海市世外中学,,744
2024,徐汇,上海市世外中学,,725
2024,徐汇,上海市世外中学,,757
2024,徐汇,上海市世外中学,,689
2024,徐汇,上海市世外中学,,761
2024,徐汇,上海市民办华育中学,,708
2024,徐汇,上海市民办华育中学,,746.5
2024,徐汇,上海市民办华育中学,,761.5
2024,徐汇,上海市民办华育中学,,733
2024,徐汇,上海市民办华育中学,,759.5
2024,徐汇,上海市民办华育中学,,706.5
2024,徐汇,上海市民办华育中学,,761
2024,徐汇,上海市中国中学,,723
2024,徐汇,上海市中国中学,,743.5
2024,徐汇,上海市中国中学,,735
2024,徐汇,上海市中国中学,,751.5
2024,徐汇,上海市中国中学,,719.5
2024,徐汇,上海市中国中学,,760.5
2024,徐汇,上海市中国中学,,724
2024,徐汇,上海市第五十四中学,,726
2024,徐汇,上海市第五十四中学,,735.5
2024,徐汇,上海市第五十四中学,,726
2024,徐汇,上海市第五十四中学,,753
2024,徐汇,上海市第五十四中学,,718
2024,徐汇,上海市徐汇中学,,720
2024,徐汇,上海市徐汇中学,,743.5
2024,徐汇,初中学校,,录取最低分     (含学业考总成绩和综合素质评价成绩)
2024,徐汇,上海市徐汇中学,,760.5
2024,徐汇,上海市徐汇中学,,727
2024,徐汇,上海市徐汇中学,,752
2024,徐汇,上海市徐汇中学,,707
2024,徐汇,上海市徐汇中学,,730.5
2024,徐汇,徐汇南校,,719.5
2024,徐汇,徐汇南校,,747
2024,徐汇,徐汇南校,,740.5
2024,徐汇,徐汇南校,,758
2024,徐汇,徐汇南校,,707
2024,徐汇,徐汇南校,,759.5
2024,徐汇,上海市第四中学,,720
2024,徐汇,上海市第四中学,,737
2024,徐汇,上海市第四中学,,757
2024,徐汇,上海市第四中学,,725.5
2024,徐汇,上海市第四中学,,707
2024,徐汇,上海市第四中学,,713.5
2024,徐汇,上海市第四中学,,752
2024,徐汇,上海市零陵中学,,707.5
2024,徐汇,上海市零陵中学,,711
2024,徐汇,上海市零陵中学,,755.5
2024,徐汇,上海市零陵中学,,718
2024,徐汇,上海市零陵中学,,740
2024,徐汇,上海市零陵中学,,695
2024,徐汇,上海师大附中附属龙华中学,,707
2024,徐汇,上海师大附中附属龙华中学,,720.5
2024,徐汇,上海师大附中附属龙华中学,,689.5
2024,徐汇,上海师大附中附属龙华中学,,731.5
2024,徐汇,上海师大附中附属龙华中学,,746
2024,徐汇,上海师大附中附属龙华中学,,721
2024,徐汇,初中学校,,录取最低分     (含学业考总成绩和综合素质评价成绩)
2024,徐汇,华东理工大学附属中学,,721.5
2024,徐汇,华东理工大学附属中学,,743.5
2024,徐汇,华东理工大学附属中学,,753.5
2024,徐汇,华东理工大学附属中学,,733.5
2024,徐汇,华东理工大学附属中学,,752.5
2024,徐汇,华东理工大学附属中学,,715
2024,徐汇,上海市西南位育中学,,708.5
2024,徐汇,上海市西南位育中学,,726
2024,徐汇,上海市西南位育中学,,684.5
2024,徐汇,上海市西南位育中学,,709.5
2024,徐汇,上海市西南位育中学,,736.5
2024,徐汇,上海市西南位育中学,,699.5
2024,徐汇,上海市西南位育中学,,711
2024,徐汇,上海市西南模范中学,,723
2024,徐汇,上海市西南模范中学,,748.5
2024,徐汇,上海市西南模范中学,,759.5
2024,徐汇,上海市西南模范中学,,735.5
2024,徐汇,上海市西南模范中学,,755.5
2024,徐汇,上海市西南模范中学,,717.5
2024,徐汇,上海民办位育中学,,723
2024,徐汇,上海民办位育中学,,748.5
2024,徐汇,上海民办位育中学,,738
2024,徐汇,上海民办位育中学,,750.5
2024,徐汇,上海民办位育中学,,718.5
2024,徐汇,上海民办位育中学,,724
2024,徐汇,上海民办南模中学,,722
2024,徐汇,上海民办南模中学,,750
2024,徐汇,上海民办南模中学,,730
2024,徐汇,上海民办南模中学,,758
2024,徐汇,上海民办南模中学,,720.5
2024,徐汇,初中学校,,录取最低分     (含学业考总成绩和综合素质评价成绩)
2024,徐汇,上海市位育实验学校,,725.5
2024,徐汇,上海市位育实验学校,,735
2024,徐汇,上海市位育实验学校,,723.5
2024,徐汇,上海市位育实验学校,,739.5
2024,徐汇,上海市位育实验学校,,708.5
2024,徐汇,上海师范大学第三附属实验学校,,728
2024,徐汇,上海师范大学第三附属实验学校,,745
2024,徐汇,上海师范大学第三附属实验学校,,749
2024,徐汇,上海师范大学第三附属实验学校,,738.5
2024,徐汇,上海师范大学第三附属实验学校,,747.5
2024,徐汇,上海师范大学第三附属实验学校,,724.5
2024,普陀,初中学校,,录取最低分     (含学业考总成绩和综合素质评价成绩)
2024,普陀,上海市洵阳中学,,710
2024,普陀,上海市洵阳中学,,741.5
2024,普陀,上海市洵阳中学,,705.5
2024,普陀,上海市洵阳中学,,742
2024,普陀,上海市北海中学,,726.5
2024,普陀,上海市北海中学,,731
2024,普陀,上海市北海中学,,716
2024,普陀,上海市北海中学,,749.5
2024,普陀,上海市延河中学,,725.5
2024,普陀,上海市延河中学,,728.5
2024,普陀,上海市延河中学,,715
2024,普陀,上海市延河中学,,746
2024,普陀,上海市曹杨第二中学附属实验中学,,720
2024,普陀,上海市曹杨第二中学附属实验中学,,724
2024,普陀,上海市曹杨第二中学附属实验中学,,706.5
2024,普陀,上海市曹杨第二中学附属实验中学,,740
2024,普陀,上海市曹杨第二中学附属实验中学,,762
2024,普陀,华东师范大学第四附属中学,,723
2024,普陀,华东师范大学第四附属中学,,739.5
2024,普陀,华东师范大学第四附属中学,,718.5
2024,普陀,华东师范大学第四附属中学,,757.5
2024,普陀,华东师范大学第四附属中学,,765
2024,普陀,上海市怒江中学,,736
2024,普陀,上海市怒江中学,,707.5
2024,普陀,上海市怒江中学,,693.5
2024,普陀,上海市怒江中学,,735
2024,普陀,上海师范大学附属第二实验学校,,727.5
2024,普陀,上海师范大学附属第二实验学校,,749
2024,普陀,初中学校,,录取最低分     (含学业考总成绩和综合素质评价成绩)
2024,普陀,上海师范大学附属第二实验学校,,722.5
2024,普陀,上海师范大学附属第二实验学校,,753
2024,普陀,上海市真北中学,,727
2024,普陀,上海市真北中学,,745
2024,普陀,上海市真北中学,,707.5
2024,普陀,上海市真北中学,,756
2024,普陀,上海市普陀区教育学院附属中学,,729.5
2024,普陀,上海市普陀区教育学院附属中学,,736.5
2024,普陀,上海市普陀区教育学院附属中学,,711.5
2024,普陀,上海市普陀区教育学院附属中学,,746.5
2024,普陀,上海市普陀区教育学院附属中学,,749
2024,普陀,上海市梅陇中学,,759
2024,普陀,上海市梅陇中学,,731
2024,普陀,上海市梅陇中学,,739
2024,普陀,上海市梅陇中学,,715
2024,普陀,上海市梅陇中学,,752.5
2024,普陀,上海兰田中学,,728
2024,普陀,上海兰田中学,,743
2024,普陀,上海兰田中学,,719.5
2024,普陀,上海兰田中学,,756.5
2024,普陀,上海市曹杨中学,,721.5
2024,普陀,上海市曹杨中学,,727
2024,普陀,上海市曹杨中学,,711
2024,普陀,上海市曹杨中学,,743.5
2024,普陀,同济大学第二附属中学,,729.5
2024,普陀,同济大学第二附属中学,,738
2024,普陀,同济大学第二附属中学,,717.5
2024,普陀,同济大学第二附属中学,,753.5
2024,普陀,上海市新杨中学,,720.5
2024,普陀,上海市新杨中学,,737.5
2024,普陀,初中学校,,录取最低分     (含学业考总成绩和综合素质评价成绩)
2024,普陀,上海市新杨中学,,713
2024,普陀,上海市新杨中学,,750.5
2024,普陀,上海市长征中学,,726.5
2024,普陀,上海市长征中学,,743
2024,普陀,上海市长征中学,,719.5
2024,普陀,上海市长征中学,,755.5
2024,普陀,上海市长征中学,,749.5
2024,普陀,上海市桃浦中学,,717.5
2024,普陀,上海市桃浦中学,,725
2024,普陀,上海市桃浦中学,,707.5
2024,普陀,上海市桃浦中学,,739.5
2024,普陀,上海市晋元高级中学附属学校南校,,735
2024,普陀,上海市晋元高级中学附属学校南校,,745.5
2024,普陀,上海市晋元高级中学附属学校南校,,721.5
2024,普陀,上海市晋元高级中学附属学校南校,,763
2024,普陀,上海音乐学院附属安师实验中学,,723
2024,普陀,上海音乐学院附属安师实验中学,,713
2024,普陀,上海音乐学院附属安师实验中学,,710
2024,普陀,上海音乐学院附属安师实验中学,,724
2024,普陀,上海华东师范大学附属进华中学,,724.5
2024,普陀,上海华东师范大学附属进华中学,,739.5
2024,普陀,上海华东师范大学附属进华中学,,715.5
2024,普陀,上海华东师范大学附属进华中学,,753.5
2024,普陀,上海华东师范大学附属进华中学,,759.5
2024,普陀,上海安生学校,,721.5
2024,普陀,上海安生学校,,722
2024,普陀,上海安生学校,,715.5
2024,普陀,上海安生学校,,760.5
2024,普陀,上海培佳双语学校,,721
2024,普陀,上海培佳双语学校,,739
2024,普陀,初中学校,,录取最低分     (含学业考总成绩和综合素质评价成绩)
2024,普陀,上海培佳双语学校,,715
2024,普陀,上海培佳双语学校,,755.5
2024,普陀,上海市光新学校,,661.5
2024,普陀,上海市光新学校,,693.5
2024,普陀,上海市铜川学校,,714.5
2024,普陀,上海市铜川学校,,734
2024,普陀,上海市铜川学校,,705
2024,普陀,上海市铜川学校,,747
2024,普陀,上海市沙田学校,,733.5
2024,普陀,上海市沙田学校,,744.5
2024,普陀,上海市沙田学校,,716.5
2024,普陀,上海市沙田学校,,667.5
2024,普陀,华东师范大学附属外国语实验学校,,731
2024,普陀,华东师范大学附属外国语实验学校,,740
2024,普陀,华东师范大学附属外国语实验学校,,717
2024,普陀,华东师范大学附属外国语实验学校,,753.5
2024,普陀,上海市子长学校,,738
2024,普陀,上海市子长学校,,745
2024,普陀,上海市子长学校,,695.5
2024,普陀,上海市子长学校,,752
2024,普陀,上海市洛川学校,,716
2024,普陀,上海市洛川学校,,721
2024,普陀,上海市洛川学校,,703.5
2024,普陀,上海市洛川学校,,682
2024,普陀,上海市宜川中学附属学校,,731.5
2024,普陀,上海市宜川中学附属学校,,742.5
2024,普陀,上海市宜川中学附属学校,,714
2024,普陀,上海市宜川中学附属学校,,751
2024,普陀,上海市宜川中学附属学校,,757
2024,普陀,上海市曹杨中学附属学校,,737
2024,普陀,初中学校,,录取最低分     (含学业考总成绩和综合素质评价成绩)
2024,普陀,上海市曹杨中学附属学校,,748
2024,普陀,上海市曹杨中学附属学校,,724
2024,普陀,上海市曹杨中学附属学校,,754
2024,普陀,上海市普陀区教育学院附属学校,,727
2024,普陀,上海市普陀区教育学院附属学校,,723.5
2024,普陀,上海市普陀区教育学院附属学校,,718.5
2024,普陀,上海市普陀区教育学院附属学校,,745.5
2024,普陀,上海市晋元高级中学附属学校,,730.5
2024,普陀,上海市晋元高级中学附属学校,,743.5
2024,普陀,上海市晋元高级中学附属学校,,721
2024,普陀,上海市晋元高级中学附属学校,,752
2024,普陀,上海市曹杨第二中学附属学校,,728.5
2024,普陀,上海市曹杨第二中学附属学校,,745
2024,普陀,上海市曹杨第二中学附属学校,,718.5
2024,普陀,上海市曹杨第二中学附属学校,,752.5
2024,普陀,上海市曹杨第二中学附属学校,,764
2024,普陀,上海市民办新黄浦实验学校,,725.5
2024,普陀,上海市民办新黄浦实验学校,,748
2024,普陀,上海市民办新黄浦实验学校,,713.5
2024,普陀,上海市民办新黄浦实验学校,,758.5
2024,普陀,上海市江宁学校,,732.5
2024,普陀,上海市江宁学校,,736.5
2024,普陀,上海市江宁学校,,718
2024,普陀,上海市江宁学校,,755
2024,普陀,上海市江宁学校,,758.5
2024,普陀,上海市中远实验学校,,732.5
2024,普陀,上海市中远实验学校,,740.5
2024,普陀,上海市中远实验学校,,720.5
2024,普陀,上海市中远实验学校,,756
2024,普陀,上海市中远实验学校,,727
2024,普陀,初中学校,,录取最低分     (含学业考总成绩和综合素质评价成绩)
2024,普陀,上海市金鼎学校,,661
2024,普陀,上海市金鼎学校,,689.5
2024,普陀,上海外国语大学尚阳外国语学校,,757.5
2024,普陀,上海外国语大学尚阳外国语学校,,730
2024,普陀,上海外国语大学尚阳外国语学校,,743.5
2024,普陀,上海外国语大学尚阳外国语学校,,725
2024,普陀,上海外国语大学尚阳外国语学校,,751
2024,普陀,上海市文达学校,,717.5
2024,普陀,上海市文达学校,,719.5
2024,普陀,上海市文达学校,,708
2024,普陀,上海市文达学校,,733.5
2024,普陀,上海市文达学校,,747
2024,普陀,上海理工大学附属普陀实验学校,,726.5
2024,普陀,上海理工大学附属普陀实验学校,,736
2024,普陀,上海理工大学附属普陀实验学校,,709.5
2024,普陀,上海理工大学附属普陀实验学校,,745.5
2024,普陀,上海市万里城实验学校,,728
2024,普陀,上海市万里城实验学校,,738
2024,普陀,上海市万里城实验学校,,715
2024,普陀,上海市万里城实验学校,,746.5
2024,普陀,上海市万里城实验学校,,754
2024,杨浦,初中学校,,录取最低分     (含学业考总成绩和综合素质评价成绩)
2024,杨浦,上海市铁岭中学,,727
2024,杨浦,上海市铁岭中学,,739
2024,杨浦,上海市铁岭中学,,754
2024,杨浦,上海市铁岭中学,,718
2024,杨浦,上海市鞍山初级中学,,730
2024,杨浦,上海市鞍山初级中学,,739
2024,杨浦,上海市鞍山初级中学,,753.5
2024,杨浦,上海市鞍山初级中学,,723.5
2024,杨浦,上海市十五中学,,725
2024,杨浦,上海市十五中学,,744.5
2024,杨浦,上海市十五中学,,719.5
2024,杨浦,上海市杨浦初级中学,,742
2024,杨浦,上海市杨浦初级中学,,747
2024,杨浦,上海市杨浦初级中学,,720.5
2024,杨浦,上海市惠民中学,,725
2024,杨浦,上海市惠民中学,,741
2024,杨浦,上海市惠民中学,,721.5
2024,杨浦,上海市惠民中学,,749
2024,杨浦,上海市辽阳中学,,730.5
2024,杨浦,上海市辽阳中学,,740
2024,杨浦,上海市辽阳中学,,725
2024,杨浦,上海市新大桥中学,,719
2024,杨浦,上海市新大桥中学,,733
2024,杨浦,上海市新大桥中学,,746.5
2024,杨浦,上海市新大桥中学,,707
2024,杨浦,上海市建设初级中学,,729.5
2024,杨浦,上海市建设初级中学,,738.5
2024,杨浦,上海市建设初级中学,,716
2024,杨浦,初中学校,,录取最低分     (含学业考总成绩和综合素质评价成绩)
2024,杨浦,上海市东辽阳中学,,722
2024,杨浦,上海市东辽阳中学,,689
2024,杨浦,上海市东辽阳中学,,744.5
2024,杨浦,上海市东辽阳中学,,678.5
2024,杨浦,上海市二十五中学,,722
2024,杨浦,上海市二十五中学,,725
2024,杨浦,上海市二十五中学,,710
2024,杨浦,上海市二十五中学,,747
2024,杨浦,上海理工大学附属初级中学,,726.5
2024,杨浦,上海理工大学附属初级中学,,736.5
2024,杨浦,上海理工大学附属初级中学,,733.5
2024,杨浦,上海理工大学附属初级中学,,716
2024,杨浦,上海市杨浦区教育学院附属中学,,715
2024,杨浦,上海市杨浦区教育学院附属中学,,725
2024,杨浦,上海市杨浦区教育学院附属中学,,714
2024,杨浦,上海市同济初级中学,,721
2024,杨浦,上海市同济初级中学,,726.5
2024,杨浦,上海市同济初级中学,,759.5
2024,杨浦,上海市同济初级中学,,710
2024,杨浦,上海市三门中学(上海财经大学附属初级中学）,,730
2024,杨浦,上海市三门中学(上海财经大学附属初级中学）,,738
2024,杨浦,上海市三门中学(上海财经大学附属初级中学）,,753.5
2024,杨浦,上海市三门中学(上海财经大学附属初级中学）,,718.5
2024,杨浦,上海市包头中学,,701.5
2024,杨浦,上海市包头中学,,724
2024,杨浦,上海市包头中学,,737.5
2024,杨浦,上海市包头中学,,696
2024,杨浦,上海市思源中学,,722.5
2024,杨浦,上海市思源中学,,733.5
2024,杨浦,上海市思源中学,,737
2024,杨浦,初中学校,,录取最低分     (含学业考总成绩和综合素质评价成绩)
2024,杨浦,上海市思源中学,,711.5
2024,杨浦,上海市鞍山实验中学,,731.5
2024,杨浦,上海市鞍山实验中学,,742
2024,杨浦,上海市鞍山实验中学,,713
2024,杨浦,上海市同济第二初级中学,,718.5
2024,杨浦,上海市同济第二初级中学,,713
2024,杨浦,上海市同济第二初级中学,,715.5
2024,杨浦,上海市国和中学,,722
2024,杨浦,上海市国和中学,,735.5
2024,杨浦,上海市国和中学,,677
2024,杨浦,上海市国和中学,,717.5
2024,杨浦,上海理工大学附属实验初级中学,,714.5
2024,杨浦,上海理工大学附属实验初级中学,,732.5
2024,杨浦,上海理工大学附属实验初级中学,,707.5
2024,杨浦,上海市控江初级中学,,715.5
2024,杨浦,上海市控江初级中学,,723.5
2024,杨浦,上海市控江初级中学,,758.5
2024,杨浦,上海市控江初级中学,,710
2024,杨浦,上海市存志学校,,735
2024,杨浦,上海市存志学校,,742.5
2024,杨浦,上海市存志学校,,757.5
2024,杨浦,上海市存志学校,,719
2024,杨浦,上海民办杨浦凯慧初级中学,,731
2024,杨浦,上海民办杨浦凯慧初级中学,,743
2024,杨浦,上海民办杨浦凯慧初级中学,,755.5
2024,杨浦,上海民办杨浦凯慧初级中学,,717
2024,杨浦,上海市市东实验学校（上海市市东中学）,,711.5
2024,杨浦,上海市市东实验学校（上海市市东中学）,,724.5
2024,杨浦,上海市市东实验学校（上海市市东中学）,,702.5
2024,杨浦,上海市复旦实验中学,,733
2024,杨浦,初中学校,,录取最低分     (含学业考总成绩和综合素质评价成绩)
2024,杨浦,上海市复旦实验中学,,740
2024,杨浦,上海市复旦实验中学,,754.5
2024,杨浦,上海市复旦实验中学,,722
2024,杨浦,上海民办兰生中学,,759
2024,杨浦,上海民办兰生中学,,711
2024,杨浦,上海民办兰生中学,,746.5
2024,杨浦,上海民办兰生中学,,707
2024,杨浦,上海市长阳实验学校,,735
2024,杨浦,上海市长阳实验学校,,743.5
2024,杨浦,上海市长阳实验学校,,725.5
2024,杨浦,上海民办杨浦实验学校,,728.5
2024,杨浦,上海民办杨浦实验学校,,736
2024,杨浦,上海民办杨浦实验学校,,755.5
2024,杨浦,上海民办杨浦实验学校,,720.5
2024,杨浦,上海市体育学院附属中学,,664.5
2024,杨浦,上海音乐学院实验学校,,724
2024,杨浦,上海音乐学院实验学校,,744
2024,杨浦,上海音乐学院实验学校,,758
2024,杨浦,上海音乐学院实验学校,,717.5
2024,杨浦,上海市黄兴学校,,713
2024,杨浦,上海市黄兴学校,,723.5
2024,杨浦,上海市黄兴学校,,711
2024,杨浦,上海市昆明学校,,733
2024,杨浦,上海市昆明学校,,744.5
2024,杨浦,上海市昆明学校,,756.5
2024,杨浦,上海市昆明学校,,719
2024,杨浦,上海市育鹰学校,,718
2024,杨浦,上海市育鹰学校,,722.5
2024,杨浦,上海市育鹰学校,,732.5
2024,杨浦,上海市育鹰学校,,713
2024,杨浦,初中学校,,录取最低分     (含学业考总成绩和综合素质评价成绩)
2024,杨浦,上海杨浦双语学校,,728.5
2024,杨浦,上海杨浦双语学校,,743.5
2024,杨浦,上海杨浦双语学校,,758.5
2024,杨浦,上海杨浦双语学校,,711.5
2024,杨浦,上海市市光学校,,717
2024,杨浦,上海市市光学校,,719
2024,杨浦,上海市市光学校,,753
2024,杨浦,上海市市光学校,,702.5
2024,杨浦,上海民办沪东外国语学校,,725.5
2024,杨浦,上海民办沪东外国语学校,,727.5
2024,杨浦,上海民办沪东外国语学校,,722.5
2024,杨浦,上海同大实验学校,,727
2024,杨浦,上海同大实验学校,,748
2024,杨浦,上海同大实验学校,,718
2024,杨浦,复旦大学第二附属学校,,722
2024,杨浦,复旦大学第二附属学校,,735.5
2024,杨浦,复旦大学第二附属学校,,758.5
2024,杨浦,复旦大学第二附属学校,,712
2024,松江,初中学校,,录取最低分     (含学业考总成绩和综合素质评价成绩)
2024,松江,上海市松江区第七中学,,741.5
2024,松江,上海市松江区第七中学,,750
2024,松江,上海市松江区第七中学,,721.5
2024,松江,上海市松江区第七中学,,730
2024,松江,上海对外经贸大学附属松江实验学校花园分校,,754.5
2024,松江,上海对外经贸大学附属松江实验学校花园分校,,738.5
2024,松江,上海对外经贸大学附属松江实验学校花园分校,,749
2024,松江,上海对外经贸大学附属松江实验学校花园分校,,718.5
2024,松江,上海对外经贸大学附属松江实验学校花园分校,,728
2024,松江,上海市松江二中（集团）初级中学,,734.5
2024,松江,上海市松江二中（集团）初级中学,,752.5
2024,松江,上海市松江二中（集团）初级中学,,713.5
2024,松江,上海市松江二中（集团）初级中学,,722.5
2024,松江,上海市松江四中初级中学,,738
2024,松江,上海市松江四中初级中学,,749
2024,松江,上海市松江四中初级中学,,719
2024,松江,上海市松江四中初级中学,,722
2024,松江,上海市松江区九亭中学,,739
2024,松江,上海市松江区九亭中学,,752
2024,松江,上海市松江区九亭中学,,716.5
2024,松江,上海市松江区九亭中学,,729
2024,松江,上海市松江区第六中学,,737
2024,松江,上海市松江区第六中学,,750.5
2024,松江,上海市松江区第六中学,,719
2024,松江,上海市松江区第六中学,,725.5
2024,松江,上海市松江区九亭第二中学,,733.5
2024,松江,上海市松江区九亭第二中学,,666.5
2024,松江,上海市松江区九亭第二中学,,715
2024,松江,初中学校,,录取最低分     (含学业考总成绩和综合素质评价成绩)
2024,松江,上海市松江区九亭第二中学,,719
2024,松江,上海市松江区立达中学,,736
2024,松江,上海市松江区立达中学,,719
2024,松江,上海市松江区立达中学,,713.5
2024,松江,上海市松江区立达中学,,724.5
2024,松江,上海市松江区新桥中学,,750
2024,松江,上海市松江区新桥中学,,733.5
2024,松江,上海市松江区新桥中学,,746.5
2024,松江,上海市松江区新桥中学,,703
2024,松江,上海市松江区新桥中学,,728
2024,松江,上海市松江区民办茸一中学,,740.5
2024,松江,上海市松江区民办茸一中学,,752.5
2024,松江,上海市松江区民办茸一中学,,718
2024,松江,上海市松江区民办茸一中学,,730
2024,松江,上海市松江九峰实验学校,,746.5
2024,松江,上海市松江九峰实验学校,,757
2024,松江,上海市松江九峰实验学校,,714
2024,松江,上海市松江九峰实验学校,,729.5
2024,松江,上海领科双语学校,,737
2024,松江,上海领科双语学校,,740
2024,松江,上海领科双语学校,,717
2024,松江,上海领科双语学校,,725
2024,松江,上海市松江区洞泾学校,,736.5
2024,松江,上海市松江区洞泾学校,,751
2024,松江,上海市松江区洞泾学校,,713.5
2024,松江,上海市松江区洞泾学校,,721
2024,松江,上海市松江区李塔汇学校,,735.5
2024,松江,上海市松江区李塔汇学校,,709
2024,松江,上海市松江区李塔汇学校,,705
2024,松江,上海市松江区李塔汇学校,,681
2024,松江,初中学校,,录取最低分     (含学业考总成绩和综合素质评价成绩)
2024,松江,上海市松江区李塔汇学校,,686
2024,松江,上海市松江区古松学校,,742.5
2024,松江,上海市松江区古松学校,,732.5
2024,松江,上海市松江区古松学校,,713
2024,松江,上海市松江区古松学校,,723.5
2024,松江,上海市松江区泖港学校,,695.5
2024,松江,上海市松江区泖港学校,,711
2024,松江,上海市松江区泖港学校,,698.5
2024,松江,上海市松江区泖港学校,,689.5
2024,松江,上海市松江区民乐学校,,742.5
2024,松江,上海市松江区民乐学校,,746.5
2024,松江,上海市松江区民乐学校,,758
2024,松江,上海市松江区民乐学校,,714
2024,松江,上海市松江区民乐学校,,727
2024,松江,上海市松江区泗泾实验学校,,740.5
2024,松江,上海市松江区泗泾实验学校,,746
2024,松江,上海市松江区泗泾实验学校,,712
2024,松江,上海市松江区泗泾实验学校,,728
2024,松江,上海市松江区佘山外国语实验学校,,729.5
2024,松江,上海市松江区佘山外国语实验学校,,760.5
2024,松江,上海市松江区佘山外国语实验学校,,701.5
2024,松江,上海市松江区佘山外国语实验学校,,722.5
2024,松江,上海市松江区五厍学校,,717.5
2024,松江,上海市松江区五厍学校,,683
2024,松江,上海市松江区五厍学校,,705
2024,松江,上海市松江区五厍学校,,686
2024,松江,上海市松江区五厍学校,,686
2024,松江,东华大学附属实验学校松江小昆山分校,,742
2024,松江,东华大学附属实验学校松江小昆山分校,,744
2024,松江,东华大学附属实验学校松江小昆山分校,,721
2024,松江,初中学校,,录取最低分     (含学业考总成绩和综合素质评价成绩)
2024,松江,东华大学附属实验学校松江小昆山分校,,732
2024,松江,上海市松江区仓桥学校,,747.5
2024,松江,上海市松江区仓桥学校,,739
2024,松江,上海市松江区仓桥学校,,754
2024,松江,上海市松江区仓桥学校,,715.5
2024,松江,上海市松江区仓桥学校,,723.5
2024,松江,上海市松江区佘山学校,,724.5
2024,松江,上海市松江区佘山学校,,726
2024,松江,上海市松江区佘山学校,,722
2024,松江,上海市松江区佘山学校,,708
2024,松江,上海市松江区佘山学校,,723
2024,松江,上海市三新学校,,745.5
2024,松江,上海市三新学校,,750.5
2024,松江,上海市三新学校,,714.5
2024,松江,上海市三新学校,,729.5
2024,松江,上海世外教育附属松江区车墩学校,,737.5
2024,松江,上海世外教育附属松江区车墩学校,,722.5
2024,松江,上海世外教育附属松江区车墩学校,,723.5
2024,松江,上海世外教育附属松江区车墩学校,,724.5
2024,松江,上海市松江区张泽学校,,729.5
2024,松江,上海市松江区张泽学校,,707
2024,松江,上海市松江区张泽学校,,692.5
2024,松江,上海市松江区张泽学校,,712.5
2024,松江,上海市松江区天马山学校,,737
2024,松江,上海市松江区天马山学校,,721.5
2024,松江,上海市松江区天马山学校,,726
2024,松江,上海市松江区天马山学校,,713.5
2024,松江,上海戏剧学院附属松江实验学校,,725
2024,松江,上海戏剧学院附属松江实验学校,,740.5
2024,松江,上海戏剧学院附属松江实验学校,,724.5
2024,松江,初中学校,,录取最低分     (含学业考总成绩和综合素质评价成绩)
2024,松江,上海戏剧学院附属松江实验学校,,705.5
2024,松江,上海市西外外国语学校,,727.5
2024,松江,上海市西外外国语学校,,736.5
2024,松江,上海市西外外国语学校,,757.5
2024,松江,上海市西外外国语学校,,716
2024,松江,上海市西外外国语学校,,727.5
2024,松江,上海市松江区叶榭学校,,736
2024,松江,上海市松江区叶榭学校,,754.5
2024,松江,上海市松江区叶榭学校,,703
2024,松江,上海市松江区叶榭学校,,709.5
2024,松江,上海外国语大学松江外国语学校,,763
2024,松江,上海外国语大学松江外国语学校,,744
2024,松江,上海外国语大学松江外国语学校,,757.5
2024,松江,上海外国语大学松江外国语学校,,719
2024,松江,上海外国语大学松江外国语学校,,737.5
2024,松江,上海市松江区新浜学校,,717
2024,松江,上海市松江区新浜学校,,709.5
2024,松江,上海市松江区新浜学校,,682
2024,松江,上海市松江区新浜学校,,697.5
2024,松江,东华大学附属实验学校,,742.5
2024,松江,东华大学附属实验学校,,752.5
2024,松江,东华大学附属实验学校,,717
2024,松江,东华大学附属实验学校,,734.5
2024,松江,上海赫贤学校,,690.5
2024,松江,上海赫贤学校,,672.5
2024,松江,华东政法大学附属松江实验学校,,760
2024,松江,华东政法大学附属松江实验学校,,745
2024,松江,华东政法大学附属松江实验学校,,754
2024,松江,华东政法大学附属松江实验学校,,718.5
2024,松江,华东政法大学附属松江实验学校,,735
2024,松江,初中学校,,录取最低分     (含学业考总成绩和综合素质评价成绩)
2024,松江,上海市松江区新闵学校,,740.5
2024,松江,上海市松江区新闵学校,,756.5
2024,松江,上海市松江区新闵学校,,717.5
2024,松江,上海市松江区新闵学校,,732
2024,松江,上海师范大学附属松江实验学校,,746
2024,松江,上海师范大学附属松江实验学校,,759
2024,松江,上海师范大学附属松江实验学校,,721
2024,松江,上海师范大学附属松江实验学校,,735
2024,松江,上海工程技术大学附属松江泗泾实验学校,,747.5
2024,松江,上海工程技术大学附属松江泗泾实验学校,,755.5
2024,松江,上海工程技术大学附属松江泗泾实验学校,,717
2024,松江,上海工程技术大学附属松江泗泾实验学校,,732
2024,松江,上海市三新学校松江东部分校,,740.5
2024,松江,上海市三新学校松江东部分校,,747
2024,松江,上海市三新学校松江东部分校,,723.5
2024,松江,上海市三新学校松江东部分校,,734.5
2024,浦东新区,初中学校,,录取最低分     (含学业考总成绩和综合素质评价成绩)
2024,浦东新区,上海市建平中学西校,,731
2024,浦东新区,上海市建平中学西校,,751
2024,浦东新区,上海市建平中学西校,,740.5
2024,浦东新区,上海市建平中学西校,,705.5
2024,浦东新区,上海市建平中学西校,,755.5
2024,浦东新区,上海市建平中学西校,,728.5
2024,浦东新区,上海市建平中学西校,,714.5
2024,浦东新区,上海市建平中学西校,,718.5
2024,浦东新区,上海市进才中学北校,,756
2024,浦东新区,上海市进才中学北校,,727
2024,浦东新区,上海市进才中学北校,,751
2024,浦东新区,上海市进才中学北校,,745
2024,浦东新区,上海市进才中学北校,,708.5
2024,浦东新区,上海市进才中学北校,,754.5
2024,浦东新区,上海市进才中学北校,,724
2024,浦东新区,上海市进才中学北校,,711.5
2024,浦东新区,上海市进才中学北校,,718.5
2024,浦东新区,华东师范大学附属东昌中学南校,,725
2024,浦东新区,华东师范大学附属东昌中学南校,,745.5
2024,浦东新区,华东师范大学附属东昌中学南校,,740
2024,浦东新区,华东师范大学附属东昌中学南校,,757.5
2024,浦东新区,华东师范大学附属东昌中学南校,,703
2024,浦东新区,华东师范大学附属东昌中学南校,,751.5
2024,浦东新区,华东师范大学附属东昌中学南校,,730.5
2024,浦东新区,华东师范大学附属东昌中学南校,,701
2024,浦东新区,华东师范大学附属东昌中学南校,,725
2024,浦东新区,上海市洋泾中学东校,,725.5
2024,浦东新区,上海市洋泾中学东校,,726
2024,浦东新区,初中学校,,录取最低分     (含学业考总成绩和综合素质评价成绩)
2024,浦东新区,上海市洋泾中学东校,,728.5
2024,浦东新区,上海市洋泾中学东校,,752
2024,浦东新区,上海市洋泾中学东校,,703
2024,浦东新区,上海市洋泾中学东校,,732.5
2024,浦东新区,上海市洋泾中学东校,,724
2024,浦东新区,上海市洋泾中学东校,,711
2024,浦东新区,上海市洋泾中学东校,,718
2024,浦东新区,上海市上南中学东校,,731.5
2024,浦东新区,上海市上南中学东校,,742.5
2024,浦东新区,上海市上南中学东校,,740.5
2024,浦东新区,上海市上南中学东校,,701
2024,浦东新区,上海市上南中学东校,,751
2024,浦东新区,上海市上南中学东校,,726.5
2024,浦东新区,上海市上南中学东校,,707
2024,浦东新区,上海市上南中学东校,,724
2024,浦东新区,上海市上南中学北校,,715.5
2024,浦东新区,上海市上南中学北校,,741
2024,浦东新区,上海市上南中学北校,,727.5
2024,浦东新区,上海市上南中学北校,,742.5
2024,浦东新区,上海市上南中学北校,,685
2024,浦东新区,上海市上南中学北校,,721
2024,浦东新区,上海市上南中学北校,,713
2024,浦东新区,上海市上南中学北校,,705.5
2024,浦东新区,上海市上南中学北校,,709
2024,浦东新区,上海市三林中学北校,,730
2024,浦东新区,上海市三林中学北校,,737.5
2024,浦东新区,上海市三林中学北校,,730.5
2024,浦东新区,上海市三林中学北校,,748.5
2024,浦东新区,上海市三林中学北校,,704
2024,浦东新区,上海市三林中学北校,,717.5
2024,浦东新区,初中学校,,录取最低分     (含学业考总成绩和综合素质评价成绩)
2024,浦东新区,上海市三林中学北校,,720.5
2024,浦东新区,上海市三林中学北校,,716.5
2024,浦东新区,上海市三林中学北校,,717
2024,浦东新区,上海市洪山中学,,711.5
2024,浦东新区,上海市洪山中学,,743.5
2024,浦东新区,上海市洪山中学,,739
2024,浦东新区,上海市洪山中学,,707
2024,浦东新区,上海市洪山中学,,739.5
2024,浦东新区,上海市洪山中学,,722.5
2024,浦东新区,上海市洪山中学,,701
2024,浦东新区,上海市洪山中学,,723
2024,浦东新区,上海市上南中学南校,,743
2024,浦东新区,上海市上南中学南校,,733
2024,浦东新区,上海市上南中学南校,,735
2024,浦东新区,上海市上南中学南校,,743
2024,浦东新区,上海市上南中学南校,,723.5
2024,浦东新区,上海市上南中学南校,,741.5
2024,浦东新区,上海市上南中学南校,,720.5
2024,浦东新区,上海市上南中学南校,,714.5
2024,浦东新区,上海市上南中学南校,,712
2024,浦东新区,上海市清流中学,,742
2024,浦东新区,上海市清流中学,,744.5
2024,浦东新区,上海市清流中学,,739.5
2024,浦东新区,上海市清流中学,,707.5
2024,浦东新区,上海市清流中学,,744
2024,浦东新区,上海市清流中学,,724
2024,浦东新区,上海市清流中学,,708.5
2024,浦东新区,上海市清流中学,,723.5
2024,浦东新区,上海市浦泾中学,,707
2024,浦东新区,上海市浦泾中学,,735.5
2024,浦东新区,初中学校,,录取最低分     (含学业考总成绩和综合素质评价成绩)
2024,浦东新区,上海市浦泾中学,,731.5
2024,浦东新区,上海市浦泾中学,,694.5
2024,浦东新区,上海市浦泾中学,,751.5
2024,浦东新区,上海市浦泾中学,,712.5
2024,浦东新区,上海市浦泾中学,,708
2024,浦东新区,上海市浦泾中学,,699
2024,浦东新区,上海市浦泾中学,,715.5
2024,浦东新区,上海交通大学附属浦东实验中学北校,,748
2024,浦东新区,上海交通大学附属浦东实验中学北校,,723.5
2024,浦东新区,上海交通大学附属浦东实验中学北校,,738
2024,浦东新区,上海交通大学附属浦东实验中学北校,,740.5
2024,浦东新区,上海交通大学附属浦东实验中学北校,,717
2024,浦东新区,上海交通大学附属浦东实验中学北校,,742
2024,浦东新区,上海交通大学附属浦东实验中学北校,,711.5
2024,浦东新区,上海交通大学附属浦东实验中学北校,,707.5
2024,浦东新区,上海交通大学附属浦东实验中学北校,,711.5
2024,浦东新区,上海市浦东新区教育学院附属实验中学,,697.5
2024,浦东新区,上海市浦东新区教育学院附属实验中学,,706
2024,浦东新区,上海市浦东新区教育学院附属实验中学,,704
2024,浦东新区,上海市浦东新区教育学院附属实验中学,,681
2024,浦东新区,上海市浦东新区教育学院附属实验中学,,716.5
2024,浦东新区,上海市浦东新区教育学院附属实验中学,,661
2024,浦东新区,上海市浦东新区教育学院附属实验中学,,698
2024,浦东新区,上海市浦东新区教育学院附属实验中学,,699.5
2024,浦东新区,上海市洋泾中学南校,,726
2024,浦东新区,上海市洋泾中学南校,,744.5
2024,浦东新区,上海市洋泾中学南校,,745.5
2024,浦东新区,上海市洋泾中学南校,,705.5
2024,浦东新区,上海市洋泾中学南校,,757.5
2024,浦东新区,上海市洋泾中学南校,,723.5
2024,浦东新区,初中学校,,录取最低分     (含学业考总成绩和综合素质评价成绩)
2024,浦东新区,上海市洋泾中学南校,,735.5
2024,浦东新区,上海市洋泾中学南校,,708
2024,浦东新区,上海市洋泾中学南校,,715
2024,浦东新区,上海市东昌东校,,714
2024,浦东新区,上海市东昌东校,,735
2024,浦东新区,上海市东昌东校,,743
2024,浦东新区,上海市东昌东校,,712
2024,浦东新区,上海市东昌东校,,729
2024,浦东新区,上海市东昌东校,,704
2024,浦东新区,上海市东昌东校,,705.5
2024,浦东新区,上海市东昌东校,,704
2024,浦东新区,上海市东昌东校,,703.5
2024,浦东新区,上海市罗山中学,,740
2024,浦东新区,上海市罗山中学,,743
2024,浦东新区,上海市罗山中学,,737
2024,浦东新区,上海市罗山中学,,707.5
2024,浦东新区,上海市罗山中学,,737
2024,浦东新区,上海市罗山中学,,726
2024,浦东新区,上海市罗山中学,,717.5
2024,浦东新区,上海市罗山中学,,720
2024,浦东新区,上海市金杨中学,,752
2024,浦东新区,上海市金杨中学,,706.5
2024,浦东新区,上海市金杨中学,,742
2024,浦东新区,上海市金杨中学,,725
2024,浦东新区,上海市金杨中学,,706.5
2024,浦东新区,上海市金杨中学,,745.5
2024,浦东新区,上海市金杨中学,,723.5
2024,浦东新区,上海市金杨中学,,714
2024,浦东新区,上海市金杨中学,,735.5
2024,浦东新区,上海市金川中学,,726.5
2024,浦东新区,初中学校,,录取最低分     (含学业考总成绩和综合素质评价成绩)
2024,浦东新区,上海市金川中学,,696
2024,浦东新区,上海市金川中学,,711
2024,浦东新区,上海市金川中学,,701
2024,浦东新区,上海市金川中学,,686.5
2024,浦东新区,上海市金川中学,,723.5
2024,浦东新区,上海市金川中学,,672
2024,浦东新区,上海市金川中学,,680
2024,浦东新区,上海市华林中学,,706.5
2024,浦东新区,上海市华林中学,,732.5
2024,浦东新区,上海市华林中学,,735.5
2024,浦东新区,上海市华林中学,,756
2024,浦东新区,上海市华林中学,,704.5
2024,浦东新区,上海市华林中学,,743
2024,浦东新区,上海市华林中学,,732
2024,浦东新区,上海市华林中学,,721.5
2024,浦东新区,上海市华林中学,,704.5
2024,浦东新区,上海市孙桥中学,,703.5
2024,浦东新区,上海市孙桥中学,,681
2024,浦东新区,上海市孙桥中学,,709.5
2024,浦东新区,上海市孙桥中学,,688
2024,浦东新区,上海市孙桥中学,,696.5
2024,浦东新区,上海市孙桥中学,,730.5
2024,浦东新区,上海市孙桥中学,,698
2024,浦东新区,上海市孙桥中学,,679
2024,浦东新区,上海市孙桥中学,,704.5
2024,浦东新区,上海市育人中学,,734.5
2024,浦东新区,上海市育人中学,,736
2024,浦东新区,上海市育人中学,,734.5
2024,浦东新区,上海市育人中学,,708
2024,浦东新区,上海市育人中学,,722
2024,浦东新区,初中学校,,录取最低分     (含学业考总成绩和综合素质评价成绩)
2024,浦东新区,上海市育人中学,,725.5
2024,浦东新区,上海市育人中学,,703.5
2024,浦东新区,上海市育人中学,,702.5
2024,浦东新区,上海市东林中学,,695.5
2024,浦东新区,上海市东林中学,,702.5
2024,浦东新区,上海市东林中学,,730.5
2024,浦东新区,上海市东林中学,,718.5
2024,浦东新区,上海市东林中学,,716
2024,浦东新区,上海市东林中学,,711.5
2024,浦东新区,上海市东林中学,,709.5
2024,浦东新区,上海市东林中学,,696.5
2024,浦东新区,上海市东林中学,,716.5
2024,浦东新区,上海市施湾中学,,691
2024,浦东新区,上海市施湾中学,,718.5
2024,浦东新区,上海市施湾中学,,716
2024,浦东新区,上海市施湾中学,,694
2024,浦东新区,上海市施湾中学,,712.5
2024,浦东新区,上海市施湾中学,,703.5
2024,浦东新区,上海市施湾中学,,671.5
2024,浦东新区,上海市施湾中学,,692
2024,浦东新区,上海市黄楼中学,,732
2024,浦东新区,上海市黄楼中学,,689
2024,浦东新区,上海市黄楼中学,,723
2024,浦东新区,上海市黄楼中学,,716
2024,浦东新区,上海市黄楼中学,,702.5
2024,浦东新区,上海市黄楼中学,,708.5
2024,浦东新区,上海市黄楼中学,,705.5
2024,浦东新区,上海市黄楼中学,,684
2024,浦东新区,上海市黄楼中学,,711.5
2024,浦东新区,上海市王港中学,,714.5
2024,浦东新区,初中学校,,录取最低分     (含学业考总成绩和综合素质评价成绩)
2024,浦东新区,上海市王港中学,,734.5
2024,浦东新区,上海市王港中学,,731
2024,浦东新区,上海市王港中学,,715
2024,浦东新区,上海市王港中学,,732
2024,浦东新区,上海市王港中学,,704.5
2024,浦东新区,上海市王港中学,,720
2024,浦东新区,上海市王港中学,,712
2024,浦东新区,上海市王港中学,,718.5
2024,浦东新区,上海市杨园中学,,717
2024,浦东新区,上海市杨园中学,,749.5
2024,浦东新区,上海市杨园中学,,729.5
2024,浦东新区,上海市杨园中学,,709
2024,浦东新区,上海市杨园中学,,755.5
2024,浦东新区,上海市杨园中学,,719
2024,浦东新区,上海市杨园中学,,718
2024,浦东新区,上海市杨园中学,,714.5
2024,浦东新区,上海市杨园中学,,712.5
2024,浦东新区,上海市东沟中学,,712.5
2024,浦东新区,上海市东沟中学,,737.5
2024,浦东新区,上海市东沟中学,,727.5
2024,浦东新区,上海市东沟中学,,709.5
2024,浦东新区,上海市东沟中学,,735
2024,浦东新区,上海市东沟中学,,724.5
2024,浦东新区,上海市东沟中学,,723.5
2024,浦东新区,上海市东沟中学,,707.5
2024,浦东新区,上海师范大学附属高桥实验中学,,719
2024,浦东新区,上海师范大学附属高桥实验中学,,723.5
2024,浦东新区,上海师范大学附属高桥实验中学,,738
2024,浦东新区,上海师范大学附属高桥实验中学,,733
2024,浦东新区,上海师范大学附属高桥实验中学,,713
2024,浦东新区,初中学校,,录取最低分     (含学业考总成绩和综合素质评价成绩)
2024,浦东新区,上海师范大学附属高桥实验中学,,714.5
2024,浦东新区,上海师范大学附属高桥实验中学,,730.5
2024,浦东新区,上海师范大学附属高桥实验中学,,708.5
2024,浦东新区,上海市凌桥中学,,749
2024,浦东新区,上海市凌桥中学,,713
2024,浦东新区,上海市凌桥中学,,731.5
2024,浦东新区,上海市凌桥中学,,726
2024,浦东新区,上海市凌桥中学,,671
2024,浦东新区,上海市凌桥中学,,721.5
2024,浦东新区,上海市凌桥中学,,691.5
2024,浦东新区,上海市凌桥中学,,705.5
2024,浦东新区,上海市凌桥中学,,701.5
2024,浦东新区,上海市顾路中学,,711.5
2024,浦东新区,上海市顾路中学,,725.5
2024,浦东新区,上海市顾路中学,,726.5
2024,浦东新区,上海市顾路中学,,713
2024,浦东新区,上海市顾路中学,,746.5
2024,浦东新区,上海市顾路中学,,724
2024,浦东新区,上海市顾路中学,,717.5
2024,浦东新区,上海市顾路中学,,714
2024,浦东新区,上海市浦东模范中学,,736
2024,浦东新区,上海市浦东模范中学,,748.5
2024,浦东新区,上海市浦东模范中学,,743.5
2024,浦东新区,上海市浦东模范中学,,718
2024,浦东新区,上海市浦东模范中学,,743.5
2024,浦东新区,上海市浦东模范中学,,725.5
2024,浦东新区,上海市浦东模范中学,,719.5
2024,浦东新区,上海市浦东模范中学,,724.5
2024,浦东新区,上海市浦东模范中学,,732
2024,浦东新区,上海市川沙中学华夏西校,,730.5
2024,浦东新区,初中学校,,录取最低分     (含学业考总成绩和综合素质评价成绩)
2024,浦东新区,上海市川沙中学华夏西校,,740
2024,浦东新区,上海市川沙中学华夏西校,,738.5
2024,浦东新区,上海市川沙中学华夏西校,,744.5
2024,浦东新区,上海市川沙中学华夏西校,,714
2024,浦东新区,上海市川沙中学华夏西校,,744.5
2024,浦东新区,上海市川沙中学华夏西校,,725.5
2024,浦东新区,上海市川沙中学华夏西校,,713.5
2024,浦东新区,上海市川沙中学华夏西校,,724.5
2024,浦东新区,上海市陆行中学北校,,728.5
2024,浦东新区,上海市陆行中学北校,,751.5
2024,浦东新区,上海市陆行中学北校,,740
2024,浦东新区,上海市陆行中学北校,,750
2024,浦东新区,上海市陆行中学北校,,707
2024,浦东新区,上海市陆行中学北校,,751.5
2024,浦东新区,上海市陆行中学北校,,731
2024,浦东新区,上海市陆行中学北校,,719.5
2024,浦东新区,上海市陆行中学北校,,707
2024,浦东新区,上海市致远中学,,733
2024,浦东新区,上海市致远中学,,753
2024,浦东新区,上海市致远中学,,747.5
2024,浦东新区,上海市致远中学,,710.5
2024,浦东新区,上海市致远中学,,755
2024,浦东新区,上海市致远中学,,730
2024,浦东新区,上海市致远中学,,710.5
2024,浦东新区,上海市致远中学,,727.5
2024,浦东新区,上海市浦东新区进才实验中学南校,,720
2024,浦东新区,上海市浦东新区进才实验中学南校,,745
2024,浦东新区,上海市浦东新区进才实验中学南校,,723
2024,浦东新区,上海市浦东新区进才实验中学南校,,750
2024,浦东新区,上海市浦东新区进才实验中学南校,,707.5
2024,浦东新区,初中学校,,录取最低分     (含学业考总成绩和综合素质评价成绩)
2024,浦东新区,上海市浦东新区进才实验中学南校,,741.5
2024,浦东新区,上海市浦东新区进才实验中学南校,,734.5
2024,浦东新区,上海市浦东新区进才实验中学南校,,716.5
2024,浦东新区,上海市浦东新区进才实验中学南校,,733
2024,浦东新区,上海市蔡路中学,,689.5
2024,浦东新区,上海市蔡路中学,,713.5
2024,浦东新区,上海市蔡路中学,,706
2024,浦东新区,上海市蔡路中学,,693
2024,浦东新区,上海市蔡路中学,,717
2024,浦东新区,上海市蔡路中学,,713
2024,浦东新区,上海市蔡路中学,,663
2024,浦东新区,上海市蔡路中学,,696
2024,浦东新区,上海市六团中学,,684
2024,浦东新区,上海市六团中学,,667
2024,浦东新区,上海市六团中学,,657
2024,浦东新区,上海市六团中学,,668.5
2024,浦东新区,上海市唐镇中学,,747.5
2024,浦东新区,上海市唐镇中学,,720
2024,浦东新区,上海市唐镇中学,,736.5
2024,浦东新区,上海市唐镇中学,,733.5
2024,浦东新区,上海市唐镇中学,,702.5
2024,浦东新区,上海市唐镇中学,,738.5
2024,浦东新区,上海市唐镇中学,,728
2024,浦东新区,上海市唐镇中学,,714.5
2024,浦东新区,上海市唐镇中学,,722
2024,浦东新区,上海市浦兴中学,,722
2024,浦东新区,上海市浦兴中学,,738.5
2024,浦东新区,上海市浦兴中学,,724.5
2024,浦东新区,上海市浦兴中学,,710.5
2024,浦东新区,上海市浦兴中学,,716
2024,浦东新区,初中学校,,录取最低分     (含学业考总成绩和综合素质评价成绩)
2024,浦东新区,上海市浦兴中学,,723
2024,浦东新区,上海市浦兴中学,,710
2024,浦东新区,上海市浦兴中学,,715
2024,浦东新区,上海浦东新区民办恒洋外国语学校,,722.5
2024,浦东新区,上海浦东新区民办恒洋外国语学校,,741.5
2024,浦东新区,上海浦东新区民办恒洋外国语学校,,739.5
2024,浦东新区,上海浦东新区民办恒洋外国语学校,,753.5
2024,浦东新区,上海浦东新区民办恒洋外国语学校,,705.5
2024,浦东新区,上海浦东新区民办恒洋外国语学校,,741.5
2024,浦东新区,上海浦东新区民办恒洋外国语学校,,728
2024,浦东新区,上海浦东新区民办恒洋外国语学校,,717.5
2024,浦东新区,上海浦东新区民办恒洋外国语学校,,712
2024,浦东新区,上海浦东新区民办欣竹中学,,730
2024,浦东新区,上海浦东新区民办欣竹中学,,750
2024,浦东新区,上海浦东新区民办欣竹中学,,744
2024,浦东新区,上海浦东新区民办欣竹中学,,706.5
2024,浦东新区,上海浦东新区民办欣竹中学,,752
2024,浦东新区,上海浦东新区民办欣竹中学,,723
2024,浦东新区,上海浦东新区民办欣竹中学,,711.5
2024,浦东新区,上海浦东新区民办欣竹中学,,718
2024,浦东新区,上海市新云台中学,,677.5
2024,浦东新区,上海市新云台中学,,747
2024,浦东新区,上海市新云台中学,,709.5
2024,浦东新区,上海市新云台中学,,705.5
2024,浦东新区,上海市新云台中学,,678
2024,浦东新区,上海市新云台中学,,664
2024,浦东新区,上海市新云台中学,,661
2024,浦东新区,上海市新云台中学,,669
2024,浦东新区,上海市陆行中学南校,,742.5
2024,浦东新区,上海市陆行中学南校,,732.5
2024,浦东新区,初中学校,,录取最低分     (含学业考总成绩和综合素质评价成绩)
2024,浦东新区,上海市陆行中学南校,,745
2024,浦东新区,上海市陆行中学南校,,732.5
2024,浦东新区,上海市陆行中学南校,,710.5
2024,浦东新区,上海市陆行中学南校,,738.5
2024,浦东新区,上海市陆行中学南校,,726
2024,浦东新区,上海市陆行中学南校,,710
2024,浦东新区,上海市陆行中学南校,,716.5
2024,浦东新区,上海市杨思中学,,732.5
2024,浦东新区,上海市杨思中学,,740.5
2024,浦东新区,上海市杨思中学,,734
2024,浦东新区,上海市杨思中学,,714.5
2024,浦东新区,上海市杨思中学,,742.5
2024,浦东新区,上海市杨思中学,,733.5
2024,浦东新区,上海市杨思中学,,724
2024,浦东新区,上海市杨思中学,,692.5
2024,浦东新区,上海市杨思中学,,707
2024,浦东新区,上海民办浦东交中初级中学,,734
2024,浦东新区,上海民办浦东交中初级中学,,750
2024,浦东新区,上海民办浦东交中初级中学,,747
2024,浦东新区,上海民办浦东交中初级中学,,711.5
2024,浦东新区,上海民办浦东交中初级中学,,752
2024,浦东新区,上海民办浦东交中初级中学,,718
2024,浦东新区,上海民办浦东交中初级中学,,706
2024,浦东新区,上海民办浦东交中初级中学,,704.5
2024,浦东新区,上海市建平香梅中学,,736
2024,浦东新区,上海市建平香梅中学,,745.5
2024,浦东新区,上海市建平香梅中学,,741
2024,浦东新区,上海市建平香梅中学,,700
2024,浦东新区,上海市建平香梅中学,,753
2024,浦东新区,上海市建平香梅中学,,712
2024,浦东新区,初中学校,,录取最低分     (含学业考总成绩和综合素质评价成绩)
2024,浦东新区,上海市建平香梅中学,,706.5
2024,浦东新区,上海市建平香梅中学,,719.5
2024,浦东新区,上海市南汇第二中学,,732.5
2024,浦东新区,上海市南汇第二中学,,739
2024,浦东新区,上海市南汇第二中学,,734
2024,浦东新区,上海市南汇第二中学,,721.5
2024,浦东新区,上海市南汇第二中学,,754.5
2024,浦东新区,上海市南汇第二中学,,722.5
2024,浦东新区,上海市南汇第二中学,,715
2024,浦东新区,上海市南汇第二中学,,725
2024,浦东新区,上海市南汇第二中学,,745
2024,浦东新区,上海市南汇第三中学,,750
2024,浦东新区,上海市南汇第三中学,,729.5
2024,浦东新区,上海市南汇第三中学,,734.5
2024,浦东新区,上海市南汇第三中学,,738.5
2024,浦东新区,上海市南汇第三中学,,718
2024,浦东新区,上海市南汇第三中学,,749
2024,浦东新区,上海市南汇第三中学,,722
2024,浦东新区,上海市南汇第三中学,,720
2024,浦东新区,上海市南汇第三中学,,710.5
2024,浦东新区,上海市新港中学,,707
2024,浦东新区,上海市新港中学,,687.5
2024,浦东新区,上海市新港中学,,674
2024,浦东新区,上海市新港中学,,705
2024,浦东新区,上海市新港中学,,675.5
2024,浦东新区,上海市新港中学,,663
2024,浦东新区,上海市新港中学,,658.5
2024,浦东新区,上海市书院中学,,709.5
2024,浦东新区,上海市书院中学,,671
2024,浦东新区,上海市书院中学,,717.5
2024,浦东新区,初中学校,,录取最低分     (含学业考总成绩和综合素质评价成绩)
2024,浦东新区,上海市书院中学,,664.5
2024,浦东新区,上海市书院中学,,680.5
2024,浦东新区,上海市书院中学,,688
2024,浦东新区,上海市书院中学,,667.5
2024,浦东新区,上海市书院中学,,734.5
2024,浦东新区,上海市书院中学,,658
2024,浦东新区,上海市大团中学,,686
2024,浦东新区,上海市大团中学,,705
2024,浦东新区,上海市大团中学,,682
2024,浦东新区,上海市大团中学,,677
2024,浦东新区,上海市大团中学,,705.5
2024,浦东新区,上海市大团中学,,681
2024,浦东新区,上海市大团中学,,677.5
2024,浦东新区,上海市大团中学,,683.5
2024,浦东新区,上海市大团中学,,679
2024,浦东新区,上海市大团中学,,661
2024,浦东新区,上海市坦直中学,,686.5
2024,浦东新区,上海市坦直中学,,662.5
2024,浦东新区,上海市坦直中学,,711
2024,浦东新区,上海市坦直中学,,729
2024,浦东新区,上海市坦直中学,,695
2024,浦东新区,上海市傅雷中学,,731
2024,浦东新区,上海市傅雷中学,,742
2024,浦东新区,上海市傅雷中学,,733
2024,浦东新区,上海市傅雷中学,,720.5
2024,浦东新区,上海市傅雷中学,,745
2024,浦东新区,上海市傅雷中学,,724.5
2024,浦东新区,上海市傅雷中学,,707.5
2024,浦东新区,上海市傅雷中学,,726
2024,浦东新区,上海市澧溪中学,,730.5
2024,浦东新区,初中学校,,录取最低分     (含学业考总成绩和综合素质评价成绩)
2024,浦东新区,上海市澧溪中学,,737
2024,浦东新区,上海市澧溪中学,,737.5
2024,浦东新区,上海市澧溪中学,,738.5
2024,浦东新区,上海市澧溪中学,,718.5
2024,浦东新区,上海市澧溪中学,,734.5
2024,浦东新区,上海市澧溪中学,,720
2024,浦东新区,上海市澧溪中学,,719
2024,浦东新区,上海市澧溪中学,,724.5
2024,浦东新区,上海市六灶中学,,731
2024,浦东新区,上海市六灶中学,,716
2024,浦东新区,上海市六灶中学,,731
2024,浦东新区,上海市六灶中学,,727.5
2024,浦东新区,上海市六灶中学,,694
2024,浦东新区,上海市六灶中学,,707.5
2024,浦东新区,上海市六灶中学,,685
2024,浦东新区,上海市六灶中学,,692
2024,浦东新区,上海市浦东教育发展研究院附属中学,,682.5
2024,浦东新区,上海市浦东教育发展研究院附属中学,,725.5
2024,浦东新区,上海市浦东教育发展研究院附属中学,,719
2024,浦东新区,上海市浦东教育发展研究院附属中学,,683.5
2024,浦东新区,上海市浦东教育发展研究院附属中学,,666
2024,浦东新区,上海市浦东教育发展研究院附属中学,,658.5
2024,浦东新区,上海市浦东教育发展研究院附属中学,,683
2024,浦东新区,上海市浦东教育发展研究院附属中学,,704.5
2024,浦东新区,上海市南汇第四中学,,737.5
2024,浦东新区,上海市南汇第四中学,,747.5
2024,浦东新区,上海市南汇第四中学,,745
2024,浦东新区,上海市南汇第四中学,,755.5
2024,浦东新区,上海市南汇第四中学,,722
2024,浦东新区,上海市南汇第四中学,,751
2024,浦东新区,初中学校,,录取最低分     (含学业考总成绩和综合素质评价成绩)
2024,浦东新区,上海市南汇第四中学,,723.5
2024,浦东新区,上海市南汇第四中学,,712.5
2024,浦东新区,上海市南汇第四中学,,718
2024,浦东新区,上海中学东校,,756.5
2024,浦东新区,上海中学东校,,740.5
2024,浦东新区,上海中学东校,,748.5
2024,浦东新区,上海中学东校,,745
2024,浦东新区,上海中学东校,,717
2024,浦东新区,上海中学东校,,753.5
2024,浦东新区,上海中学东校,,728
2024,浦东新区,上海中学东校,,726
2024,浦东新区,上海中学东校,,726.5
2024,浦东新区,上海中学东校,,725
2024,浦东新区,上海市浦东模范中学东校,,716
2024,浦东新区,上海市浦东模范中学东校,,734.5
2024,浦东新区,上海市浦东模范中学东校,,738
2024,浦东新区,上海市浦东模范中学东校,,702.5
2024,浦东新区,上海市浦东模范中学东校,,739.5
2024,浦东新区,上海市浦东模范中学东校,,716
2024,浦东新区,上海市浦东模范中学东校,,709.5
2024,浦东新区,上海市浦东模范中学东校,,708.5
2024,浦东新区,上海市北蔡中学,,753.5
2024,浦东新区,上海市北蔡中学,,713.5
2024,浦东新区,上海市北蔡中学,,744
2024,浦东新区,上海市北蔡中学,,732.5
2024,浦东新区,上海市北蔡中学,,707
2024,浦东新区,上海市北蔡中学,,744
2024,浦东新区,上海市北蔡中学,,727
2024,浦东新区,上海市北蔡中学,,713
2024,浦东新区,上海市北蔡中学,,730
2024,浦东新区,初中学校,,录取最低分     (含学业考总成绩和综合素质评价成绩)
2024,浦东新区,上海市临港第一中学,,741
2024,浦东新区,上海市临港第一中学,,745
2024,浦东新区,上海市临港第一中学,,733
2024,浦东新区,上海市临港第一中学,,717
2024,浦东新区,上海市临港第一中学,,739
2024,浦东新区,上海市临港第一中学,,717
2024,浦东新区,上海市临港第一中学,,722
2024,浦东新区,上海市临港第一中学,,706.5
2024,浦东新区,上海市临港第一中学,,706
2024,浦东新区,上海市临港第一中学,,719.5
2024,浦东新区,上海民办光华中学,,750.5
2024,浦东新区,上海民办光华中学,,702.5
2024,浦东新区,上海民办光华中学,,723.5
2024,浦东新区,上海民办光华中学,,734.5
2024,浦东新区,上海民办光华中学,,703
2024,浦东新区,上海民办光华中学,,722.5
2024,浦东新区,上海民办光华中学,,718.5
2024,浦东新区,上海民办光华中学,,701.5
2024,浦东新区,上海民办光华中学,,702
2024,浦东新区,上海市南汇第五中学,,753.5
2024,浦东新区,上海市南汇第五中学,,731
2024,浦东新区,上海市南汇第五中学,,744.5
2024,浦东新区,上海市南汇第五中学,,739
2024,浦东新区,上海市南汇第五中学,,722
2024,浦东新区,上海市南汇第五中学,,735
2024,浦东新区,上海市南汇第五中学,,723.5
2024,浦东新区,上海市南汇第五中学,,722.5
2024,浦东新区,上海市浦东新区进才中学南校,,740
2024,浦东新区,上海市浦东新区进才中学南校,,749
2024,浦东新区,上海市浦东新区进才中学南校,,740.5
2024,浦东新区,初中学校,,录取最低分     (含学业考总成绩和综合素质评价成绩)
2024,浦东新区,上海市浦东新区进才中学南校,,717
2024,浦东新区,上海市浦东新区进才中学南校,,750.5
2024,浦东新区,上海市浦东新区进才中学南校,,715.5
2024,浦东新区,上海市浦东新区进才中学南校,,705.5
2024,浦东新区,上海市浦东新区进才中学南校,,723
2024,浦东新区,上海市临港实验中学,,730
2024,浦东新区,上海市临港实验中学,,737
2024,浦东新区,上海市临港实验中学,,732.5
2024,浦东新区,上海市临港实验中学,,729.5
2024,浦东新区,上海市临港实验中学,,714
2024,浦东新区,上海市临港实验中学,,736
2024,浦东新区,上海市临港实验中学,,717
2024,浦东新区,上海市临港实验中学,,709.5
2024,浦东新区,上海市临港实验中学,,723
2024,浦东新区,上海市临港实验中学,,720.5
2024,浦东新区,上海市浦东新区进才中学东校,,722
2024,浦东新区,上海市浦东新区进才中学东校,,725.5
2024,浦东新区,上海市浦东新区进才中学东校,,737
2024,浦东新区,上海市浦东新区进才中学东校,,707
2024,浦东新区,上海市浦东新区进才中学东校,,749
2024,浦东新区,上海市浦东新区进才中学东校,,718
2024,浦东新区,上海市浦东新区进才中学东校,,719.5
2024,浦东新区,上海市浦东新区进才中学东校,,720
2024,浦东新区,上海市浦东外国语学校东校,,739
2024,浦东新区,上海市浦东外国语学校东校,,725.5
2024,浦东新区,上海市浦东外国语学校东校,,738
2024,浦东新区,上海市浦东外国语学校东校,,742
2024,浦东新区,上海市浦东外国语学校东校,,724
2024,浦东新区,上海市浦东外国语学校东校,,741.5
2024,浦东新区,上海市浦东外国语学校东校,,730.5
2024,浦东新区,初中学校,,录取最低分     (含学业考总成绩和综合素质评价成绩)
2024,浦东新区,上海市浦东外国语学校东校,,711.5
2024,浦东新区,上海市浦东外国语学校东校,,715
2024,浦东新区,上海市浦东模范实验中学,,724
2024,浦东新区,上海市浦东模范实验中学,,751
2024,浦东新区,上海市浦东模范实验中学,,743
2024,浦东新区,上海市浦东模范实验中学,,715.5
2024,浦东新区,上海市浦东模范实验中学,,720.5
2024,浦东新区,上海市浦东模范实验中学,,721
2024,浦东新区,上海市浦东模范实验中学,,723
2024,浦东新区,上海市浦东模范实验中学,,736.5
2024,浦东新区,上海市浦东新区三灶实验中学,,747
2024,浦东新区,上海市浦东新区三灶实验中学,,719.5
2024,浦东新区,上海市浦东新区三灶实验中学,,731.5
2024,浦东新区,上海市浦东新区三灶实验中学,,727.5
2024,浦东新区,上海市浦东新区三灶实验中学,,709.5
2024,浦东新区,上海市浦东新区三灶实验中学,,746
2024,浦东新区,上海市浦东新区三灶实验中学,,703
2024,浦东新区,上海市浦东新区三灶实验中学,,709
2024,浦东新区,上海市浦东新区三灶实验中学,,718.5
2024,浦东新区,上海市实验学校南校,,729
2024,浦东新区,上海市实验学校南校,,745.5
2024,浦东新区,上海市实验学校南校,,729
2024,浦东新区,上海市实验学校南校,,712.5
2024,浦东新区,上海市实验学校南校,,747
2024,浦东新区,上海市实验学校南校,,729.5
2024,浦东新区,上海市实验学校南校,,725.5
2024,浦东新区,上海市实验学校南校,,709.5
2024,浦东新区,上海市实验学校南校,,719
2024,浦东新区,上海市浦东新区新场实验中学,,751
2024,浦东新区,上海市浦东新区新场实验中学,,733
2024,浦东新区,初中学校,,录取最低分     (含学业考总成绩和综合素质评价成绩)
2024,浦东新区,上海市浦东新区新场实验中学,,738.5
2024,浦东新区,上海市浦东新区新场实验中学,,733.5
2024,浦东新区,上海市浦东新区新场实验中学,,708.5
2024,浦东新区,上海市浦东新区新场实验中学,,718
2024,浦东新区,上海市浦东新区新场实验中学,,718.5
2024,浦东新区,上海市浦东新区新场实验中学,,722.5
2024,浦东新区,上海市浦东新区新场实验中学,,709.5
2024,浦东新区,上海市浦东新区懿德中学,,718.5
2024,浦东新区,上海市浦东新区懿德中学,,721
2024,浦东新区,上海市浦东新区懿德中学,,726.5
2024,浦东新区,上海市浦东新区懿德中学,,736
2024,浦东新区,上海市浦东新区懿德中学,,702
2024,浦东新区,上海市浦东新区懿德中学,,721
2024,浦东新区,上海市浦东新区懿德中学,,716.5
2024,浦东新区,上海市浦东新区懿德中学,,682.5
2024,浦东新区,上海市浦东新区懿德中学,,720
2024,浦东新区,上海市建平实验地杰中学,,730.5
2024,浦东新区,上海市建平实验地杰中学,,754.5
2024,浦东新区,上海市建平实验地杰中学,,746.5
2024,浦东新区,上海市建平实验地杰中学,,758
2024,浦东新区,上海市建平实验地杰中学,,709.5
2024,浦东新区,上海市建平实验地杰中学,,755.5
2024,浦东新区,上海市建平实验地杰中学,,724.5
2024,浦东新区,上海市建平实验地杰中学,,710.5
2024,浦东新区,上海市建平实验地杰中学,,715.5
2024,浦东新区,上海市建平实验张江中学,,734.5
2024,浦东新区,上海市建平实验张江中学,,753
2024,浦东新区,上海市建平实验张江中学,,747.5
2024,浦东新区,上海市建平实验张江中学,,703
2024,浦东新区,上海市建平实验张江中学,,756
2024,浦东新区,初中学校,,录取最低分     (含学业考总成绩和综合素质评价成绩)
2024,浦东新区,上海市建平实验张江中学,,726
2024,浦东新区,上海市建平实验张江中学,,717.5
2024,浦东新区,上海市建平实验张江中学,,720.5
2024,浦东新区,上海市历城中学,,695
2024,浦东新区,上海市历城中学,,696.5
2024,浦东新区,上海市历城中学,,732.5
2024,浦东新区,上海市历城中学,,681
2024,浦东新区,上海市历城中学,,718.5
2024,浦东新区,上海市历城中学,,696.5
2024,浦东新区,上海市历城中学,,674.5
2024,浦东新区,上海市历城中学,,691.5
2024,浦东新区,上海市竹园中学,,718.5
2024,浦东新区,上海市竹园中学,,718
2024,浦东新区,上海市竹园中学,,717
2024,浦东新区,上海市竹园中学,,742
2024,浦东新区,上海市竹园中学,,700
2024,浦东新区,上海市竹园中学,,721
2024,浦东新区,上海市竹园中学,,718
2024,浦东新区,上海市竹园中学,,713
2024,浦东新区,上海市竹园中学,,687.5
2024,浦东新区,上海市泾南中学,,730
2024,浦东新区,上海市泾南中学,,747
2024,浦东新区,上海市泾南中学,,748
2024,浦东新区,上海市泾南中学,,711.5
2024,浦东新区,上海市泾南中学,,722
2024,浦东新区,上海市泾南中学,,690
2024,浦东新区,上海市泾南中学,,706
2024,浦东新区,上海市泾南中学,,695.5
2024,浦东新区,上海市香山中学,,743
2024,浦东新区,上海市香山中学,,716.5
2024,浦东新区,初中学校,,录取最低分     (含学业考总成绩和综合素质评价成绩)
2024,浦东新区,上海市香山中学,,727.5
2024,浦东新区,上海市香山中学,,739.5
2024,浦东新区,上海市香山中学,,679.5
2024,浦东新区,上海市香山中学,,727.5
2024,浦东新区,上海市香山中学,,696
2024,浦东新区,上海市香山中学,,694.5
2024,浦东新区,上海市沪新中学,,698.5
2024,浦东新区,上海市沪新中学,,709
2024,浦东新区,上海市沪新中学,,712.5
2024,浦东新区,上海市沪新中学,,702.5
2024,浦东新区,上海市沪新中学,,694.5
2024,浦东新区,上海市沪新中学,,702.5
2024,浦东新区,上海市沪新中学,,699
2024,浦东新区,上海市沪新中学,,703
2024,浦东新区,上海市育民中学,,750
2024,浦东新区,上海市育民中学,,711.5
2024,浦东新区,上海市育民中学,,740.5
2024,浦东新区,上海市育民中学,,729
2024,浦东新区,上海市育民中学,,702
2024,浦东新区,上海市育民中学,,725.5
2024,浦东新区,上海市育民中学,,707.5
2024,浦东新区,上海市育民中学,,713.5
2024,浦东新区,上海市育民中学,,706.5
2024,浦东新区,上海市高行中学,,736.5
2024,浦东新区,上海市高行中学,,722
2024,浦东新区,上海市高行中学,,740.5
2024,浦东新区,上海市高行中学,,707
2024,浦东新区,上海市高行中学,,724.5
2024,浦东新区,上海市高行中学,,715
2024,浦东新区,上海市高行中学,,733.5
2024,浦东新区,初中学校,,录取最低分     (含学业考总成绩和综合素质评价成绩)
2024,浦东新区,上海市高行中学,,685.5
2024,浦东新区,上海第二工业大学附属龚路中学,,718
2024,浦东新区,上海第二工业大学附属龚路中学,,743.5
2024,浦东新区,上海第二工业大学附属龚路中学,,737.5
2024,浦东新区,上海第二工业大学附属龚路中学,,692.5
2024,浦东新区,上海第二工业大学附属龚路中学,,738.5
2024,浦东新区,上海第二工业大学附属龚路中学,,728.5
2024,浦东新区,上海第二工业大学附属龚路中学,,698
2024,浦东新区,上海第二工业大学附属龚路中学,,698
2024,浦东新区,上海第二工业大学附属龚路中学,,703.5
2024,浦东新区,上海市五三中学,,735
2024,浦东新区,上海市五三中学,,747
2024,浦东新区,上海市五三中学,,739.5
2024,浦东新区,上海市五三中学,,710
2024,浦东新区,上海市五三中学,,755
2024,浦东新区,上海市五三中学,,734
2024,浦东新区,上海市五三中学,,710.5
2024,浦东新区,上海市五三中学,,710
2024,浦东新区,上海市五三中学,,729.5
2024,浦东新区,上海市侨光中学,,727
2024,浦东新区,上海市侨光中学,,736.5
2024,浦东新区,上海市侨光中学,,733
2024,浦东新区,上海市侨光中学,,717
2024,浦东新区,上海市侨光中学,,740
2024,浦东新区,上海市侨光中学,,731
2024,浦东新区,上海市侨光中学,,720.5
2024,浦东新区,上海市侨光中学,,716.5
2024,浦东新区,上海市侨光中学,,726
2024,浦东新区,上海市江镇中学,,714
2024,浦东新区,上海市江镇中学,,731
2024,浦东新区,初中学校,,录取最低分     (含学业考总成绩和综合素质评价成绩)
2024,浦东新区,上海市江镇中学,,733
2024,浦东新区,上海市江镇中学,,706
2024,浦东新区,上海市江镇中学,,727.5
2024,浦东新区,上海市江镇中学,,728.5
2024,浦东新区,上海市江镇中学,,709.5
2024,浦东新区,上海市江镇中学,,706
2024,浦东新区,上海市合庆中学,,695
2024,浦东新区,上海市合庆中学,,738
2024,浦东新区,上海市合庆中学,,715
2024,浦东新区,上海市合庆中学,,735
2024,浦东新区,上海市合庆中学,,684
2024,浦东新区,上海市合庆中学,,712
2024,浦东新区,上海市合庆中学,,691
2024,浦东新区,上海市合庆中学,,694.5
2024,浦东新区,上海市合庆中学,,715
2024,浦东新区,华东师范大学张江实验中学,,749
2024,浦东新区,华东师范大学张江实验中学,,726
2024,浦东新区,华东师范大学张江实验中学,,730.5
2024,浦东新区,华东师范大学张江实验中学,,732.5
2024,浦东新区,华东师范大学张江实验中学,,727.5
2024,浦东新区,华东师范大学张江实验中学,,733
2024,浦东新区,华东师范大学张江实验中学,,727
2024,浦东新区,华东师范大学张江实验中学,,710
2024,浦东新区,华东师范大学张江实验中学,,717.5
2024,浦东新区,上海市三林中学东校,,725.5
2024,浦东新区,上海市三林中学东校,,728
2024,浦东新区,上海市三林中学东校,,730.5
2024,浦东新区,上海市三林中学东校,,742.5
2024,浦东新区,上海市三林中学东校,,702.5
2024,浦东新区,上海市三林中学东校,,714
2024,浦东新区,初中学校,,录取最低分     (含学业考总成绩和综合素质评价成绩)
2024,浦东新区,上海市三林中学东校,,718
2024,浦东新区,上海市三林中学东校,,717.5
2024,浦东新区,上海市三林中学东校,,724
2024,浦东新区,上海浦东新区民办正达外国语学校,,742.5
2024,浦东新区,上海浦东新区民办正达外国语学校,,753
2024,浦东新区,上海浦东新区民办正达外国语学校,,741.5
2024,浦东新区,上海浦东新区民办正达外国语学校,,754
2024,浦东新区,上海浦东新区民办正达外国语学校,,707
2024,浦东新区,上海浦东新区民办正达外国语学校,,753
2024,浦东新区,上海浦东新区民办正达外国语学校,,726
2024,浦东新区,上海浦东新区民办正达外国语学校,,709
2024,浦东新区,上海浦东新区民办正达外国语学校,,719.5
2024,浦东新区,上海市高东中学,,670.5
2024,浦东新区,上海市高东中学,,712
2024,浦东新区,上海市高东中学,,697
2024,浦东新区,上海市高东中学,,691
2024,浦东新区,上海市高东中学,,712.5
2024,浦东新区,上海市高东中学,,674
2024,浦东新区,上海市高东中学,,677.5
2024,浦东新区,上海市高东中学,,669.5
2024,浦东新区,上海市高东中学,,689
2024,浦东新区,上海市南汇第一中学,,732
2024,浦东新区,上海市南汇第一中学,,724.5
2024,浦东新区,上海市南汇第一中学,,734
2024,浦东新区,上海市南汇第一中学,,718.5
2024,浦东新区,上海市南汇第一中学,,753
2024,浦东新区,上海市南汇第一中学,,698
2024,浦东新区,上海市南汇第一中学,,713.5
2024,浦东新区,上海市南汇第一中学,,705
2024,浦东新区,上海市南汇第一中学,,717.5
2024,浦东新区,初中学校,,录取最低分     (含学业考总成绩和综合素质评价成绩)
2024,浦东新区,上海市老港中学,,734.5
2024,浦东新区,上海市老港中学,,687.5
2024,浦东新区,上海市老港中学,,727.5
2024,浦东新区,上海市老港中学,,709.5
2024,浦东新区,上海市老港中学,,705
2024,浦东新区,上海市老港中学,,715.5
2024,浦东新区,上海市老港中学,,677.5
2024,浦东新区,上海市老港中学,,686.5
2024,浦东新区,上海市老港中学,,695.5
2024,浦东新区,上海市泥城中学,,720.5
2024,浦东新区,上海市泥城中学,,698.5
2024,浦东新区,上海市泥城中学,,702
2024,浦东新区,上海市泥城中学,,718.5
2024,浦东新区,上海市泥城中学,,680
2024,浦东新区,上海市泥城中学,,697.5
2024,浦东新区,上海市泥城中学,,682.5
2024,浦东新区,上海市泥城中学,,665.5
2024,浦东新区,上海市泥城中学,,671.5
2024,浦东新区,上海市泥城中学,,683
2024,浦东新区,上海市吴迅中学,,749.5
2024,浦东新区,上海市吴迅中学,,704.5
2024,浦东新区,上海市吴迅中学,,738
2024,浦东新区,上海市吴迅中学,,733.5
2024,浦东新区,上海市吴迅中学,,710
2024,浦东新区,上海市吴迅中学,,747
2024,浦东新区,上海市吴迅中学,,727
2024,浦东新区,上海市吴迅中学,,711.5
2024,浦东新区,上海市吴迅中学,,717
2024,浦东新区,上海市长岛中学,,740
2024,浦东新区,上海市长岛中学,,713.5
2024,浦东新区,初中学校,,录取最低分     (含学业考总成绩和综合素质评价成绩)
2024,浦东新区,上海市长岛中学,,736
2024,浦东新区,上海市长岛中学,,732
2024,浦东新区,上海市长岛中学,,704
2024,浦东新区,上海市长岛中学,,742.5
2024,浦东新区,上海市长岛中学,,724
2024,浦东新区,上海市长岛中学,,713
2024,浦东新区,上海市长岛中学,,713
2024,浦东新区,上海立信会计金融学院附属学校,,734.5
2024,浦东新区,上海立信会计金融学院附属学校,,742
2024,浦东新区,上海立信会计金融学院附属学校,,739
2024,浦东新区,上海立信会计金融学院附属学校,,708
2024,浦东新区,上海立信会计金融学院附属学校,,724
2024,浦东新区,上海立信会计金融学院附属学校,,711.5
2024,浦东新区,上海立信会计金融学院附属学校,,709.5
2024,浦东新区,上海市绿川学校,,704.5
2024,浦东新区,上海市绿川学校,,746.5
2024,浦东新区,上海市绿川学校,,720
2024,浦东新区,上海市绿川学校,,687.5
2024,浦东新区,上海市绿川学校,,724
2024,浦东新区,上海市绿川学校,,696.5
2024,浦东新区,上海市绿川学校,,689.5
2024,浦东新区,上海市绿川学校,,695
2024,浦东新区,上海市洋泾菊园实验学校,,732.5
2024,浦东新区,上海市洋泾菊园实验学校,,739.5
2024,浦东新区,上海市洋泾菊园实验学校,,736.5
2024,浦东新区,上海市洋泾菊园实验学校,,756.5
2024,浦东新区,上海市洋泾菊园实验学校,,703
2024,浦东新区,上海市洋泾菊园实验学校,,746
2024,浦东新区,上海市洋泾菊园实验学校,,726
2024,浦东新区,上海市洋泾菊园实验学校,,712
2024,浦东新区,初中学校,,录取最低分     (含学业考总成绩和综合素质评价成绩)
2024,浦东新区,上海市洋泾菊园实验学校,,711.5
2024,浦东新区,上海市民办平和学校,,748.5
2024,浦东新区,上海市民办平和学校,,715.5
2024,浦东新区,上海市民办平和学校,,732
2024,浦东新区,上海市民办平和学校,,716
2024,浦东新区,上海市民办平和学校,,699
2024,浦东新区,上海市民办平和学校,,718.5
2024,浦东新区,上海市民办平和学校,,715.5
2024,浦东新区,上海市民办平和学校,,690
2024,浦东新区,上海市民办平和学校,,705.5
2024,浦东新区,上海市川沙中学南校,,756
2024,浦东新区,上海市川沙中学南校,,737.5
2024,浦东新区,上海市川沙中学南校,,751
2024,浦东新区,上海市川沙中学南校,,743.5
2024,浦东新区,上海市川沙中学南校,,715
2024,浦东新区,上海市川沙中学南校,,751.5
2024,浦东新区,上海市川沙中学南校,,724
2024,浦东新区,上海市川沙中学南校,,717
2024,浦东新区,上海市川沙中学南校,,724
2024,浦东新区,上海市建平实验中学,,732
2024,浦东新区,上海市建平实验中学,,750.5
2024,浦东新区,上海市建平实验中学,,740.5
2024,浦东新区,上海市建平实验中学,,755
2024,浦东新区,上海市建平实验中学,,708.5
2024,浦东新区,上海市建平实验中学,,754.5
2024,浦东新区,上海市建平实验中学,,724.5
2024,浦东新区,上海市建平实验中学,,713.5
2024,浦东新区,上海市建平实验中学,,720.5
2024,浦东新区,上海市民办金苹果学校,,722.5
2024,浦东新区,上海市民办金苹果学校,,721
2024,浦东新区,初中学校,,录取最低分     (含学业考总成绩和综合素质评价成绩)
2024,浦东新区,上海市民办金苹果学校,,731
2024,浦东新区,上海市民办金苹果学校,,718
2024,浦东新区,上海市民办金苹果学校,,747
2024,浦东新区,上海市民办金苹果学校,,720.5
2024,浦东新区,上海市民办金苹果学校,,710
2024,浦东新区,上海市民办金苹果学校,,717.5
2024,浦东新区,上海民办启能东方外国语学校,,739.5
2024,浦东新区,上海民办启能东方外国语学校,,738.5
2024,浦东新区,上海民办启能东方外国语学校,,745
2024,浦东新区,上海民办启能东方外国语学校,,708
2024,浦东新区,上海民办启能东方外国语学校,,752.5
2024,浦东新区,上海民办启能东方外国语学校,,726.5
2024,浦东新区,上海民办启能东方外国语学校,,714.5
2024,浦东新区,上海民办启能东方外国语学校,,718.5
2024,浦东新区,上海市民办中芯学校,,724.5
2024,浦东新区,上海市民办中芯学校,,742
2024,浦东新区,上海市民办中芯学校,,730.5
2024,浦东新区,上海市民办中芯学校,,742.5
2024,浦东新区,上海市民办中芯学校,,716.5
2024,浦东新区,上海市民办中芯学校,,739
2024,浦东新区,上海市民办中芯学校,,725.5
2024,浦东新区,上海市民办中芯学校,,700.5
2024,浦东新区,上海市民办中芯学校,,717.5
2024,浦东新区,上海市进才实验中学,,734.5
2024,浦东新区,上海市进才实验中学,,751.5
2024,浦东新区,上海市进才实验中学,,747
2024,浦东新区,上海市进才实验中学,,708.5
2024,浦东新区,上海市进才实验中学,,754.5
2024,浦东新区,上海市进才实验中学,,738.5
2024,浦东新区,上海市进才实验中学,,730.5
2024,浦东新区,初中学校,,录取最低分     (含学业考总成绩和综合素质评价成绩)
2024,浦东新区,上海市进才实验中学,,713
2024,浦东新区,上海市进才实验中学,,720
2024,浦东新区,上海市实验学校东校,,735.5
2024,浦东新区,上海市实验学校东校,,753
2024,浦东新区,上海市实验学校东校,,740.5
2024,浦东新区,上海市实验学校东校,,707.5
2024,浦东新区,上海市实验学校东校,,751
2024,浦东新区,上海市实验学校东校,,739
2024,浦东新区,上海市实验学校东校,,725
2024,浦东新区,上海市实验学校东校,,709.5
2024,浦东新区,上海市实验学校东校,,711.5
2024,浦东新区,上海市张江集团中学,,727.5
2024,浦东新区,上海市张江集团中学,,749
2024,浦东新区,上海市张江集团中学,,739.5
2024,浦东新区,上海市张江集团中学,,691.5
2024,浦东新区,上海市张江集团中学,,747
2024,浦东新区,上海市张江集团中学,,725
2024,浦东新区,上海市张江集团中学,,712.5
2024,浦东新区,上海市张江集团中学,,718
2024,浦东新区,上海浦东新区民办协和双语学校,,702.5
2024,浦东新区,上海浦东新区民办协和双语学校,,734
2024,浦东新区,上海浦东新区民办协和双语学校,,670
2024,浦东新区,上海浦东新区民办协和双语学校,,727.5
2024,浦东新区,上海浦东新区民办协和双语学校,,699
2024,浦东新区,上海浦东新区民办协和双语学校,,689
2024,浦东新区,上海浦东新区民办协和双语学校,,705
2024,浦东新区,上海浦东新区民办协和双语学校,,737.5
2024,浦东新区,上海市浦东新区建平南汇实验学校,,723.5
2024,浦东新区,上海市浦东新区建平南汇实验学校,,736.5
2024,浦东新区,上海市浦东新区建平南汇实验学校,,737.5
2024,浦东新区,初中学校,,录取最低分     (含学业考总成绩和综合素质评价成绩)
2024,浦东新区,上海市浦东新区建平南汇实验学校,,747.5
2024,浦东新区,上海市浦东新区建平南汇实验学校,,720.5
2024,浦东新区,上海市浦东新区建平南汇实验学校,,743.5
2024,浦东新区,上海市浦东新区建平南汇实验学校,,716
2024,浦东新区,上海市浦东新区建平南汇实验学校,,705.5
2024,浦东新区,上海市浦东新区建平南汇实验学校,,721
2024,浦东新区,上海市三灶学校,,697
2024,浦东新区,上海市三灶学校,,705.5
2024,浦东新区,上海市三灶学校,,692
2024,浦东新区,上海市三灶学校,,707
2024,浦东新区,上海市三灶学校,,670.5
2024,浦东新区,上海市三灶学校,,693.5
2024,浦东新区,上海市三灶学校,,697
2024,浦东新区,上海市三灶学校,,683
2024,浦东新区,上海市黄路学校,,729.5
2024,浦东新区,上海市黄路学校,,735
2024,浦东新区,上海市黄路学校,,732
2024,浦东新区,上海市黄路学校,,706.5
2024,浦东新区,上海市黄路学校,,741
2024,浦东新区,上海市黄路学校,,724
2024,浦东新区,上海市黄路学校,,701.5
2024,浦东新区,上海市黄路学校,,716
2024,浦东新区,上海市浦东新区彭镇中学,,696
2024,浦东新区,上海市浦东新区彭镇中学,,735
2024,浦东新区,上海市浦东新区彭镇中学,,697.5
2024,浦东新区,上海市浦东新区彭镇中学,,737
2024,浦东新区,上海市浦东新区彭镇中学,,714.5
2024,浦东新区,上海市浦东新区彭镇中学,,677.5
2024,浦东新区,上海市浦东新区彭镇中学,,681.5
2024,浦东新区,上海市浦东新区彭镇中学,,673.5
2024,浦东新区,初中学校,,录取最低分     (含学业考总成绩和综合素质评价成绩)
2024,浦东新区,上海市浦东新区彭镇中学,,697.5
2024,浦东新区,上海市秋萍学校,,716
2024,浦东新区,上海市秋萍学校,,739.5
2024,浦东新区,上海市秋萍学校,,725.5
2024,浦东新区,上海市秋萍学校,,720
2024,浦东新区,上海市秋萍学校,,734
2024,浦东新区,上海市秋萍学校,,724
2024,浦东新区,上海市秋萍学校,,729
2024,浦东新区,上海市秋萍学校,,702
2024,浦东新区,上海市秋萍学校,,718.5
2024,浦东新区,上海市秋萍学校,,699.5
2024,浦东新区,上海市三墩学校,,719
2024,浦东新区,上海市三墩学校,,679.5
2024,浦东新区,上海市三墩学校,,701.5
2024,浦东新区,上海市三墩学校,,685.5
2024,浦东新区,上海市三墩学校,,718
2024,浦东新区,上海市万祥学校,,723.5
2024,浦东新区,上海市万祥学校,,693
2024,浦东新区,上海市万祥学校,,706.5
2024,浦东新区,上海市万祥学校,,729
2024,浦东新区,上海市万祥学校,,677.5
2024,浦东新区,上海市万祥学校,,702.5
2024,浦东新区,上海市万祥学校,,667.5
2024,浦东新区,上海市万祥学校,,665.5
2024,浦东新区,上海市万祥学校,,710.5
2024,浦东新区,上海市万祥学校,,686
2024,浦东新区,上海市宣桥学校,,687.5
2024,浦东新区,上海市宣桥学校,,729
2024,浦东新区,上海市宣桥学校,,718
2024,浦东新区,上海市宣桥学校,,727
2024,浦东新区,初中学校,,录取最低分     (含学业考总成绩和综合素质评价成绩)
2024,浦东新区,上海市宣桥学校,,681.5
2024,浦东新区,上海市宣桥学校,,702.5
2024,浦东新区,上海市宣桥学校,,691.5
2024,浦东新区,上海市宣桥学校,,687
2024,浦东新区,上海市宣桥学校,,692.5
2024,浦东新区,上海市航头学校,,731
2024,浦东新区,上海市航头学校,,740.5
2024,浦东新区,上海市航头学校,,726.5
2024,浦东新区,上海市航头学校,,687
2024,浦东新区,上海市航头学校,,719.5
2024,浦东新区,上海市航头学校,,737
2024,浦东新区,上海市航头学校,,726.5
2024,浦东新区,上海市航头学校,,712
2024,浦东新区,上海市航头学校,,721
2024,浦东新区,上海市周浦育才学校,,700.5
2024,浦东新区,上海市周浦育才学校,,709.5
2024,浦东新区,上海市周浦育才学校,,703
2024,浦东新区,上海市周浦育才学校,,699.5
2024,浦东新区,上海市周浦育才学校,,706
2024,浦东新区,上海市周浦育才学校,,703
2024,浦东新区,上海市周浦育才学校,,693.5
2024,浦东新区,上海市周浦育才学校,,707.5
2024,浦东新区,上海市实验学校附属光明学校,,724
2024,浦东新区,上海市实验学校附属光明学校,,742
2024,浦东新区,上海市实验学校附属光明学校,,728
2024,浦东新区,上海市实验学校附属光明学校,,715
2024,浦东新区,上海市实验学校附属光明学校,,729
2024,浦东新区,上海市实验学校附属光明学校,,722.5
2024,浦东新区,上海市实验学校附属光明学校,,710
2024,浦东新区,上海市实验学校附属光明学校,,713.5
2024,浦东新区,初中学校,,录取最低分     (含学业考总成绩和综合素质评价成绩)
2024,浦东新区,上海市东海学校,,694.5
2024,浦东新区,上海市东海学校,,737
2024,浦东新区,上海市东海学校,,711
2024,浦东新区,上海市东海学校,,699
2024,浦东新区,上海市东海学校,,665.5
2024,浦东新区,上海市东海学校,,683
2024,浦东新区,上海市康城学校,,749
2024,浦东新区,上海市康城学校,,712.5
2024,浦东新区,上海市康城学校,,737
2024,浦东新区,上海市康城学校,,728
2024,浦东新区,上海市康城学校,,717.5
2024,浦东新区,上海市康城学校,,725.5
2024,浦东新区,上海市康城学校,,721
2024,浦东新区,上海市康城学校,,713
2024,浦东新区,上海市康城学校,,717.5
2024,浦东新区,上海市下沙学校,,718
2024,浦东新区,上海市下沙学校,,735
2024,浦东新区,上海市下沙学校,,725.5
2024,浦东新区,上海市下沙学校,,749.5
2024,浦东新区,上海市下沙学校,,699
2024,浦东新区,上海市下沙学校,,732
2024,浦东新区,上海市下沙学校,,693
2024,浦东新区,上海市下沙学校,,696.5
2024,浦东新区,上海市下沙学校,,700
2024,浦东新区,上海市民办尚德实验学校,,735.5
2024,浦东新区,上海市民办尚德实验学校,,748
2024,浦东新区,上海市民办尚德实验学校,,742
2024,浦东新区,上海市民办尚德实验学校,,713
2024,浦东新区,上海市民办尚德实验学校,,756.5
2024,浦东新区,上海市民办尚德实验学校,,727.5
2024,浦东新区,初中学校,,录取最低分     (含学业考总成绩和综合素质评价成绩)
2024,浦东新区,上海市民办尚德实验学校,,708.5
2024,浦东新区,上海市民办尚德实验学校,,722.5
2024,浦东新区,上海浦东新区民办远翔实验学校,,749.5
2024,浦东新区,上海浦东新区民办远翔实验学校,,725
2024,浦东新区,上海浦东新区民办远翔实验学校,,742
2024,浦东新区,上海浦东新区民办远翔实验学校,,741.5
2024,浦东新区,上海浦东新区民办远翔实验学校,,715
2024,浦东新区,上海浦东新区民办远翔实验学校,,748
2024,浦东新区,上海浦东新区民办远翔实验学校,,728.5
2024,浦东新区,上海浦东新区民办远翔实验学校,,722.5
2024,浦东新区,上海浦东新区民办远翔实验学校,,721.5
2024,浦东新区,上海浦东新区民办进德外国语中学,,732.5
2024,浦东新区,上海浦东新区民办进德外国语中学,,754
2024,浦东新区,上海浦东新区民办进德外国语中学,,747
2024,浦东新区,上海浦东新区民办进德外国语中学,,702.5
2024,浦东新区,上海浦东新区民办进德外国语中学,,749.5
2024,浦东新区,上海浦东新区民办进德外国语中学,,729
2024,浦东新区,上海浦东新区民办进德外国语中学,,705
2024,浦东新区,上海浦东新区民办进德外国语中学,,708.5
2024,浦东新区,上海市周浦实验学校,,726
2024,浦东新区,上海市周浦实验学校,,740
2024,浦东新区,上海市周浦实验学校,,732
2024,浦东新区,上海市周浦实验学校,,714.5
2024,浦东新区,上海市周浦实验学校,,749
2024,浦东新区,上海市周浦实验学校,,723.5
2024,浦东新区,上海市周浦实验学校,,719
2024,浦东新区,上海市周浦实验学校,,716.5
2024,浦东新区,上海浦东新区民办更新学校,,662.5
2024,浦东新区,上海浦东新区民办更新学校,,679.5
2024,浦东新区,上海民办华曜浦东实验学校,,733
2024,浦东新区,初中学校,,录取最低分     (含学业考总成绩和综合素质评价成绩)
2024,浦东新区,上海民办华曜浦东实验学校,,748.5
2024,浦东新区,上海民办华曜浦东实验学校,,746
2024,浦东新区,上海民办华曜浦东实验学校,,710
2024,浦东新区,上海民办华曜浦东实验学校,,732
2024,浦东新区,上海民办华曜浦东实验学校,,703.5
2024,浦东新区,上海民办华曜浦东实验学校,,714.5
2024,浦东新区,华东师范大学第二附属中学前滩学校,,734.5
2024,浦东新区,华东师范大学第二附属中学前滩学校,,756
2024,浦东新区,华东师范大学第二附属中学前滩学校,,739.5
2024,浦东新区,华东师范大学第二附属中学前滩学校,,721.5
2024,浦东新区,华东师范大学第二附属中学前滩学校,,751.5
2024,浦东新区,华东师范大学第二附属中学前滩学校,,733.5
2024,浦东新区,华东师范大学第二附属中学前滩学校,,722.5
2024,浦东新区,华东师范大学第二附属中学前滩学校,,713
2024,浦东新区,上海浦东新区民办宏文学校,,720
2024,浦东新区,上海浦东新区民办宏文学校,,748
2024,浦东新区,上海浦东新区民办宏文学校,,742.5
2024,浦东新区,上海浦东新区民办宏文学校,,750
2024,浦东新区,上海浦东新区民办宏文学校,,715.5
2024,浦东新区,上海浦东新区民办宏文学校,,707
2024,浦东新区,上海浦东新区民办宏文学校,,691
2024,浦东新区,上海浦东新区民办宏文学校,,703
2024,浦东新区,上海科技大学附属学校,,723.5
2024,浦东新区,上海科技大学附属学校,,748
2024,浦东新区,上海科技大学附属学校,,741
2024,浦东新区,上海科技大学附属学校,,716.5
2024,浦东新区,上海科技大学附属学校,,747.5
2024,浦东新区,上海科技大学附属学校,,725
2024,浦东新区,上海科技大学附属学校,,721.5
2024,浦东新区,上海科技大学附属学校,,704.5
2024,浦东新区,初中学校,,录取最低分     (含学业考总成绩和综合素质评价成绩)
2024,浦东新区,上海科技大学附属学校,,714
2024,浦东新区,上海浦东民办未来科技学校,,730.5
2024,浦东新区,上海浦东民办未来科技学校,,753.5
2024,浦东新区,上海浦东民办未来科技学校,,739
2024,浦东新区,上海浦东民办未来科技学校,,707.5
2024,浦东新区,上海浦东民办未来科技学校,,751.5
2024,浦东新区,上海浦东民办未来科技学校,,726
2024,浦东新区,上海浦东民办未来科技学校,,708
2024,浦东新区,上海浦东民办未来科技学校,,734
2024,浦东新区,上海市浦东新区东城学校,,677.5
2024,虹口,初中学校,,录取最低分     (含学业考总成绩和综合素质评价成绩)
2024,虹口,上海市钟山初级中学,,719.5
2024,虹口,上海市钟山初级中学,,712.5
2024,虹口,上海市钟山初级中学,,699.5
2024,虹口,上海市江湾初级中学,,726.5
2024,虹口,上海市江湾初级中学,,717.5
2024,虹口,上海市江湾初级中学,,707.5
2024,虹口,上海市复兴实验中学,,732
2024,虹口,上海市复兴实验中学,,717
2024,虹口,上海市复兴实验中学,,709
2024,虹口,上海市虹口区教育学院实验中学,,727.5
2024,虹口,上海市虹口区教育学院实验中学,,720.5
2024,虹口,上海市虹口区教育学院实验中学,,706.5
2024,虹口,上海市虹口区教育学院实验中学,,753.5
2024,虹口,上海市第五中学,,727
2024,虹口,上海市第五中学,,691
2024,虹口,上海市第五中学,,698.5
2024,虹口,上海市曲阳第二中学,,730
2024,虹口,上海市曲阳第二中学,,721
2024,虹口,上海市曲阳第二中学,,711
2024,虹口,上海市北虹初级中学,,717.5
2024,虹口,上海市北虹初级中学,,722.5
2024,虹口,上海市北虹初级中学,,704
2024,虹口,上海市北虹初级中学,,751.5
2024,虹口,上海市海南中学,,732
2024,虹口,上海市海南中学,,705
2024,虹口,上海市海南中学,,698.5
2024,虹口,上海市丰镇中学,,730.5
2024,虹口,上海市丰镇中学,,715.5
2024,虹口,初中学校,,录取最低分     (含学业考总成绩和综合素质评价成绩)
2024,虹口,上海市丰镇中学,,693.5
2024,虹口,上海市丰镇中学,,752
2024,虹口,上海市澄衷初级中学,,730.5
2024,虹口,上海市澄衷初级中学,,736.5
2024,虹口,上海市澄衷初级中学,,713.5
2024,虹口,上海市澄衷初级中学,,688
2024,虹口,上海市鲁迅初级中学,,738
2024,虹口,上海市鲁迅初级中学,,722
2024,虹口,上海市鲁迅初级中学,,707
2024,虹口,上海市继光初级中学,,720
2024,虹口,上海市继光初级中学,,720
2024,虹口,上海市继光初级中学,,704
2024,虹口,华东师范大学第一附属初级中学,,719.5
2024,虹口,华东师范大学第一附属初级中学,,719
2024,虹口,华东师范大学第一附属初级中学,,710
2024,虹口,华东师范大学第一附属初级中学,,745
2024,虹口,上海市民办新复兴初级中学,,738.5
2024,虹口,上海市民办新复兴初级中学,,721.5
2024,虹口,上海市民办新复兴初级中学,,709
2024,虹口,上海市民办新华初级中学,,744.5
2024,虹口,上海市民办新华初级中学,,726.5
2024,虹口,上海市民办新华初级中学,,709.5
2024,虹口,上海市民办新北郊初级中学,,734.5
2024,虹口,上海市民办新北郊初级中学,,727
2024,虹口,上海市民办新北郊初级中学,,711.5
2024,虹口,上海市民办新北郊初级中学,,745
2024,虹口,上海市第五十二中学,,733.5
2024,虹口,上海市第五十二中学,,721.5
2024,虹口,上海市第五十二中学,,713
2024,虹口,上海市民办迅行中学,,739
2024,虹口,初中学校,,录取最低分     (含学业考总成绩和综合素质评价成绩)
2024,虹口,上海市民办迅行中学,,733
2024,虹口,上海市民办迅行中学,,718.5
2024,虹口,上海外国语大学第一实验学校,,731.5
2024,虹口,上海外国语大学第一实验学校,,724
2024,虹口,上海外国语大学第一实验学校,,716
2024,虹口,上海外国语大学第一实验学校,,748.5
2024,虹口,上海市北郊学校,,723.5
2024,虹口,上海市北郊学校,,719.5
2024,虹口,上海市北郊学校,,710.5
2024,虹口,上海市北郊学校,,743.5
2024,虹口,上海市霍山学校,,721
2024,虹口,上海市霍山学校,,723
2024,虹口,上海市霍山学校,,715.5
2024,虹口,上海市霍山学校,,732
2024,虹口,上海市长青学校,,721.5
2024,虹口,上海市长青学校,,713.5
2024,虹口,上海市长青学校,,708.5
2024,虹口,上海市长青学校,,741
2024,虹口,上海市虹口实验学校,,754
2024,虹口,上海市虹口实验学校,,731.5
2024,虹口,上海市虹口实验学校,,720
2024,虹口,上海市虹口实验学校,,709.5
2024,虹口,上海世外教育附属虹口区欧阳学校,,716.5
2024,虹口,上海世外教育附属虹口区欧阳学校,,715.5
2024,虹口,上海世外教育附属虹口区欧阳学校,,697.5
2024,金山,初中学校,,录取最低分     (含学业考总成绩和综合素质评价成绩)
2024,金山,上海市罗星中学,,754
2024,金山,上海市罗星中学,,728
2024,金山,上海市罗星中学,,694
2024,金山,上海市松隐中学,,684
2024,金山,上海市松隐中学,,678
2024,金山,上海市亭新中学,,714.5
2024,金山,上海市亭新中学,,704.5
2024,金山,上海市漕泾中学,,728.5
2024,金山,上海市漕泾中学,,704
2024,金山,上海市山阳中学,,724
2024,金山,上海市山阳中学,,711.5
2024,金山,上海市张堰第二中学,,704
2024,金山,上海市张堰第二中学,,697
2024,金山,上海市廊下中学,,676
2024,金山,上海市廊下中学,,659.5
2024,金山,上海市蒙山中学,,757
2024,金山,上海市蒙山中学,,729
2024,金山,上海市蒙山中学,,693.5
2024,金山,上海市金山区教育学院附属中学,,717
2024,金山,上海市金山区教育学院附属中学,,700
2024,金山,上海市金山初级中学,,725.5
2024,金山,上海市金山初级中学,,701.5
2024,金山,上海市西林中学,,723
2024,金山,上海市西林中学,,692
2024,金山,上海市朱行中学,,686.5
2024,金山,上海市朱行中学,,682.5
2024,金山,上海金山区健桥实验中学,,722.5
2024,金山,上海金山区健桥实验中学,,699
2024,金山,初中学校,,录取最低分     (含学业考总成绩和综合素质评价成绩)
2024,金山,上海市金山区青少年业余体育学校,,702
2024,金山,上海市同凯中学,,716.5
2024,金山,上海市同凯中学,,704.5
2024,金山,上海市金山实验中学,,747
2024,金山,上海市金山实验中学,,722
2024,金山,上海市金山实验中学,,688.5
2024,金山,华东师范大学附属枫泾中学,,712
2024,金山,华东师范大学附属枫泾中学,,694.5
2024,金山,上海市金卫中学,,701.5
2024,金山,上海市金卫中学,,690
2024,金山,上海市干巷学校,,725.5
2024,金山,上海市干巷学校,,705
2024,金山,上海市新农学校,,685.5
2024,金山,上海市新农学校,,675.5
2024,金山,上海市民办金盟学校,,722.5
2024,金山,上海市民办金盟学校,,699.5
2024,金山,上海金山区世外学校,,724.5
2024,金山,上海金山区世外学校,,703
2024,金山,上海市金山区吕巷学校,,694.5
2024,金山,上海市金山区吕巷学校,,683
2024,金山,上海市金山区吕巷学校,,657
2024,金山,上海市金山区钱圩学校,,710
2024,金山,上海市金山区钱圩学校,,709.5
2024,长宁,初中学校,,录取最低分     (含学业考总成绩和综合素质评价成绩)
2024,长宁,上海市第三女子初级中学,,694.5
2024,长宁,上海市第三女子初级中学,,733.5
2024,长宁,上海市第三女子初级中学,,709
2024,长宁,上海市天山第二中学,,756
2024,长宁,上海市天山第二中学,,674.5
2024,长宁,上海市天山第二中学,,723
2024,长宁,上海市天山第二中学,,707.5
2024,长宁,上海市姚连生中学,,747
2024,长宁,上海市姚连生中学,,698.5
2024,长宁,上海市姚连生中学,,718.5
2024,长宁,上海市姚连生中学,,711.5
2024,长宁,上海市天山初级中学,,702
2024,长宁,上海市天山初级中学,,732.5
2024,长宁,上海市天山初级中学,,714
2024,长宁,上海市虹桥中学,,708
2024,长宁,上海市虹桥中学,,716
2024,长宁,上海市虹桥中学,,698
2024,长宁,上海市延安实验初级中学,,696
2024,长宁,上海市延安实验初级中学,,729.5
2024,长宁,上海市延安实验初级中学,,719.5
2024,长宁,上海市复旦初级中学,,704
2024,长宁,上海市复旦初级中学,,735
2024,长宁,上海市复旦初级中学,,712
2024,长宁,上海市泸定中学,,706
2024,长宁,上海市泸定中学,,737.5
2024,长宁,上海市泸定中学,,723
2024,长宁,上海市娄山中学,,699
2024,长宁,上海市娄山中学,,733
2024,长宁,初中学校,,录取最低分     (含学业考总成绩和综合素质评价成绩)
2024,长宁,上海市娄山中学,,715
2024,长宁,上海市西延安中学,,699
2024,长宁,上海市西延安中学,,738.5
2024,长宁,上海市西延安中学,,708
2024,长宁,上海市西延安中学,,763
2024,长宁,上海市西延安中学,,742
2024,长宁,上海市新泾中学,,708
2024,长宁,上海市新泾中学,,732.5
2024,长宁,上海市新泾中学,,717.5
2024,长宁,上海市民办新世纪中学,,693
2024,长宁,上海市民办新世纪中学,,734.5
2024,长宁,上海市民办新世纪中学,,718.5
2024,长宁,上海市民办新世纪中学,,752.5
2024,长宁,上海市延安初级中学,,690
2024,长宁,上海市延安初级中学,,737.5
2024,长宁,上海市延安初级中学,,708
2024,长宁,上海市延安初级中学,,764.5
2024,长宁,上海市建青实验学校,,705
2024,长宁,上海市建青实验学校,,726.5
2024,长宁,上海市建青实验学校,,716.5
2024,长宁,上海市西郊学校,,687
2024,长宁,上海市西郊学校,,703
2024,长宁,上海市西郊学校,,699.5
2024,长宁,上海市西郊学校,,727.5
2024,长宁,华东政法大学附属中学,,698
2024,长宁,华东政法大学附属中学,,735.5
2024,长宁,华东政法大学附属中学,,721
2024,长宁,上海市仙霞高级中学,,687
2024,长宁,上海市仙霞高级中学,,735.5
2024,长宁,上海市仙霞高级中学,,721.5
2024,长宁,初中学校,,录取最低分     (含学业考总成绩和综合素质评价成绩)
2024,长宁,上海市开元学校,,694.5
2024,长宁,上海市开元学校,,726.5
2024,长宁,上海市开元学校,,707.5
2024,长宁,上海市开元学校,,742.5
2024,闵行,初中学校,,录取最低分     (含学业考总成绩和综合素质评价成绩)
2024,闵行,上海市航华中学,,731
2024,闵行,上海市航华中学,,758
2024,闵行,上海市航华中学,,733.5
2024,闵行,上海市航华中学,,730
2024,闵行,上海市航华中学,,734
2024,闵行,上海市航华中学,,737.5
2024,闵行,上海市航华中学,,727
2024,闵行,上海市闵行区上虹中学,,708
2024,闵行,上海市闵行区上虹中学,,746.5
2024,闵行,上海市闵行区上虹中学,,743
2024,闵行,上海市闵行区上虹中学,,741
2024,闵行,上海市闵行区上虹中学,,733
2024,闵行,上海市闵行区上虹中学,,741.5
2024,闵行,上海市闵行区上虹中学,,722
2024,闵行,上海市龙柏中学,,734
2024,闵行,上海市龙柏中学,,762
2024,闵行,上海市龙柏中学,,747.5
2024,闵行,上海市龙柏中学,,734
2024,闵行,上海市龙柏中学,,722.5
2024,闵行,上海市龙柏中学,,739
2024,闵行,上海市龙柏中学,,718
2024,闵行,上海市闵行区七宝第二中学,,735
2024,闵行,上海市闵行区七宝第二中学,,729
2024,闵行,上海市闵行区七宝第二中学,,753
2024,闵行,上海市闵行区七宝第二中学,,746
2024,闵行,上海市闵行区七宝第二中学,,741
2024,闵行,上海市闵行区七宝第二中学,,735.5
2024,闵行,上海市闵行区七宝第二中学,,743
2024,闵行,初中学校,,录取最低分     (含学业考总成绩和综合素质评价成绩)
2024,闵行,上海市闵行区七宝第二中学,,729
2024,闵行,上海市罗阳中学,,735
2024,闵行,上海市罗阳中学,,754.5
2024,闵行,上海市罗阳中学,,745
2024,闵行,上海市罗阳中学,,736
2024,闵行,上海市罗阳中学,,733.5
2024,闵行,上海市罗阳中学,,744.5
2024,闵行,上海市罗阳中学,,726.5
2024,闵行,上海市闵行区莘松中学,,728
2024,闵行,上海市闵行区莘松中学,,736.5
2024,闵行,上海市闵行区莘松中学,,763.5
2024,闵行,上海市闵行区莘松中学,,752.5
2024,闵行,上海市闵行区莘松中学,,746
2024,闵行,上海市闵行区莘松中学,,734.5
2024,闵行,上海市闵行区莘松中学,,752
2024,闵行,上海市闵行区莘松中学,,730
2024,闵行,上海市七宝中学附属闵行金都实验中学,,718.5
2024,闵行,上海市七宝中学附属闵行金都实验中学,,720
2024,闵行,上海市七宝中学附属闵行金都实验中学,,737
2024,闵行,上海市七宝中学附属闵行金都实验中学,,734
2024,闵行,上海市七宝中学附属闵行金都实验中学,,722.5
2024,闵行,上海市七宝中学附属闵行金都实验中学,,707.5
2024,闵行,上海市七宝中学附属闵行金都实验中学,,716
2024,闵行,上海市七宝中学附属闵行金都实验中学,,733
2024,闵行,上海市闵行区北桥中学,,738.5
2024,闵行,上海市闵行区北桥中学,,751.5
2024,闵行,上海市闵行区北桥中学,,746
2024,闵行,上海市闵行区北桥中学,,743
2024,闵行,上海市闵行区北桥中学,,746
2024,闵行,上海市闵行区北桥中学,,731
2024,闵行,初中学校,,录取最低分     (含学业考总成绩和综合素质评价成绩)
2024,闵行,上海市闵行区浦江第一中学,,730.5
2024,闵行,上海市闵行区浦江第一中学,,730
2024,闵行,上海市闵行区浦江第一中学,,723.5
2024,闵行,上海市闵行区浦江第一中学,,735.5
2024,闵行,上海市闵行区浦江第一中学,,733.5
2024,闵行,上海市闵行区浦江第一中学,,740
2024,闵行,上海市闵行区浦江第一中学,,725
2024,闵行,上海市闵行区浦江第一中学,,759
2024,闵行,上海市闵行区浦江第二中学,,727
2024,闵行,上海市闵行区浦江第二中学,,718.5
2024,闵行,上海市闵行区浦江第二中学,,734
2024,闵行,上海市闵行区浦江第二中学,,729
2024,闵行,上海市闵行区浦江第二中学,,742.5
2024,闵行,上海市闵行区浦江第二中学,,728
2024,闵行,上海市闵行区浦江第二中学,,721.5
2024,闵行,上海市闵行区浦江第三中学,,716.5
2024,闵行,上海市闵行区浦江第三中学,,743
2024,闵行,上海市闵行区浦江第三中学,,737
2024,闵行,上海市闵行区浦江第三中学,,710.5
2024,闵行,上海市闵行区浦江第三中学,,714
2024,闵行,上海市闵行区浦江第三中学,,709.5
2024,闵行,上海市闵行区浦江第三中学,,695
2024,闵行,上海市闵行第四中学,,714.5
2024,闵行,上海市闵行第四中学,,734.5
2024,闵行,上海市闵行第四中学,,732
2024,闵行,上海市闵行第四中学,,718.5
2024,闵行,上海市闵行第四中学,,733
2024,闵行,上海市闵行第四中学,,721.5
2024,闵行,上海市闵行区颛桥中学,,727
2024,闵行,上海市闵行区颛桥中学,,730.5
2024,闵行,初中学校,,录取最低分     (含学业考总成绩和综合素质评价成绩)
2024,闵行,上海市闵行区颛桥中学,,750.5
2024,闵行,上海市闵行区颛桥中学,,748.5
2024,闵行,上海市闵行区颛桥中学,,735.5
2024,闵行,上海市闵行区颛桥中学,,750.5
2024,闵行,上海市闵行区颛桥中学,,731
2024,闵行,上海市闵行区颛桥中学,,756
2024,闵行,上海市实验学校西校,,730
2024,闵行,上海市实验学校西校,,733.5
2024,闵行,上海市实验学校西校,,754
2024,闵行,上海市实验学校西校,,745.5
2024,闵行,上海市实验学校西校,,733
2024,闵行,上海市实验学校西校,,751.5
2024,闵行,上海市实验学校西校,,726
2024,闵行,上海市闵行区鹤北初级中学,,714.5
2024,闵行,上海市闵行区鹤北初级中学,,734.5
2024,闵行,上海市闵行区鹤北初级中学,,732.5
2024,闵行,上海市闵行区鹤北初级中学,,727
2024,闵行,上海市闵行区鹤北初级中学,,737.5
2024,闵行,上海市闵行区鹤北初级中学,,725.5
2024,闵行,上海市闵行区龙茗中学,,737
2024,闵行,上海市闵行区龙茗中学,,747.5
2024,闵行,上海市闵行区龙茗中学,,740
2024,闵行,上海市闵行区龙茗中学,,731.5
2024,闵行,上海市闵行区龙茗中学,,733
2024,闵行,上海市闵行区龙茗中学,,723
2024,闵行,上海市七宝实验中学,,730.5
2024,闵行,上海市七宝实验中学,,751.5
2024,闵行,上海市七宝实验中学,,742.5
2024,闵行,上海市七宝实验中学,,729
2024,闵行,上海市七宝实验中学,,744
2024,闵行,初中学校,,录取最低分     (含学业考总成绩和综合素质评价成绩)
2024,闵行,上海市七宝实验中学,,720.5
2024,闵行,上海市师资培训中心附属闵行实验中学,,724
2024,闵行,上海市师资培训中心附属闵行实验中学,,754.5
2024,闵行,上海市师资培训中心附属闵行实验中学,,738
2024,闵行,上海市师资培训中心附属闵行实验中学,,736.5
2024,闵行,上海市师资培训中心附属闵行实验中学,,723.5
2024,闵行,上海市师资培训中心附属闵行实验中学,,746
2024,闵行,上海市师资培训中心附属闵行实验中学,,725.5
2024,闵行,上海市吴泾中学,,727
2024,闵行,上海市吴泾中学,,734.5
2024,闵行,上海市吴泾中学,,739.5
2024,闵行,上海市吴泾中学,,712
2024,闵行,上海市吴泾中学,,716.5
2024,闵行,上海市吴泾中学,,702
2024,闵行,上海市闵行区七宝第三中学,,727
2024,闵行,上海市闵行区七宝第三中学,,724.5
2024,闵行,上海市闵行区七宝第三中学,,743.5
2024,闵行,上海市闵行区七宝第三中学,,744.5
2024,闵行,上海市闵行区七宝第三中学,,736
2024,闵行,上海市闵行区七宝第三中学,,740.5
2024,闵行,上海市闵行区七宝第三中学,,731.5
2024,闵行,上海市闵行区七宝第三中学,,740.5
2024,闵行,华东师范大学第二附属中学附属初级中学,,725
2024,闵行,华东师范大学第二附属中学附属初级中学,,735.5
2024,闵行,华东师范大学第二附属中学附属初级中学,,749
2024,闵行,华东师范大学第二附属中学附属初级中学,,746.5
2024,闵行,华东师范大学第二附属中学附属初级中学,,729.5
2024,闵行,华东师范大学第二附属中学附属初级中学,,751
2024,闵行,华东师范大学第二附属中学附属初级中学,,722.5
2024,闵行,华东师范大学第二附属中学附属初级中学,,742.5
2024,闵行,初中学校,,录取最低分     (含学业考总成绩和综合素质评价成绩)
2024,闵行,上海市闵行区浦航实验中学,,729.5
2024,闵行,上海市闵行区浦航实验中学,,745.5
2024,闵行,上海市闵行区浦航实验中学,,732.5
2024,闵行,上海市闵行区浦航实验中学,,744
2024,闵行,上海市闵行区浦航实验中学,,730
2024,闵行,上海市闵行区浦航实验中学,,753
2024,闵行,上海市闵行区浦航实验中学,,720.5
2024,闵行,上海市闵行区马桥复旦万科实验中学,,727.5
2024,闵行,上海市闵行区马桥复旦万科实验中学,,723.5
2024,闵行,上海市闵行区马桥复旦万科实验中学,,746.5
2024,闵行,上海市闵行区马桥复旦万科实验中学,,739.5
2024,闵行,上海市闵行区马桥复旦万科实验中学,,739
2024,闵行,上海市闵行区马桥复旦万科实验中学,,755.5
2024,闵行,上海市闵行区马桥复旦万科实验中学,,726.5
2024,闵行,上海中医药大学附属闵行晶城中学,,732
2024,闵行,上海中医药大学附属闵行晶城中学,,750.5
2024,闵行,上海中医药大学附属闵行晶城中学,,741.5
2024,闵行,上海中医药大学附属闵行晶城中学,,731.5
2024,闵行,上海中医药大学附属闵行晶城中学,,741.5
2024,闵行,上海中医药大学附属闵行晶城中学,,728
2024,闵行,上海中医药大学附属闵行晶城中学,,740.5
2024,闵行,上海师范大学附属闵行第三中学,,730
2024,闵行,上海师范大学附属闵行第三中学,,755.5
2024,闵行,上海师范大学附属闵行第三中学,,745
2024,闵行,上海师范大学附属闵行第三中学,,736.5
2024,闵行,上海师范大学附属闵行第三中学,,725
2024,闵行,上海师范大学附属闵行第三中学,,743.5
2024,闵行,上海师范大学附属闵行第三中学,,729
2024,闵行,上海市闵行区田园外国语中学,,728.5
2024,闵行,上海市闵行区田园外国语中学,,739
2024,闵行,初中学校,,录取最低分     (含学业考总成绩和综合素质评价成绩)
2024,闵行,上海市闵行区田园外国语中学,,746
2024,闵行,上海市闵行区田园外国语中学,,746.5
2024,闵行,上海市闵行区田园外国语中学,,738.5
2024,闵行,上海市闵行区田园外国语中学,,750
2024,闵行,上海市闵行区田园外国语中学,,729.5
2024,闵行,上海市闵行区田园外国语中学,,735
2024,闵行,上海市闵行中学附属实验中学,,725.5
2024,闵行,上海市闵行中学附属实验中学,,723
2024,闵行,上海市闵行中学附属实验中学,,757.5
2024,闵行,上海市闵行中学附属实验中学,,735
2024,闵行,上海市闵行中学附属实验中学,,747
2024,闵行,上海市闵行中学附属实验中学,,733
2024,闵行,上海市闵行中学附属实验中学,,751.5
2024,闵行,上海市闵行中学附属实验中学,,735
2024,闵行,上海尚师初级中学,,736
2024,闵行,上海尚师初级中学,,742.5
2024,闵行,上海尚师初级中学,,739.5
2024,闵行,上海尚师初级中学,,730
2024,闵行,上海尚师初级中学,,742
2024,闵行,上海尚师初级中学,,725
2024,闵行,上海市骏博外国语学校,,723
2024,闵行,上海市骏博外国语学校,,727
2024,闵行,上海市骏博外国语学校,,756.5
2024,闵行,上海市骏博外国语学校,,750
2024,闵行,上海市骏博外国语学校,,750
2024,闵行,上海市骏博外国语学校,,739
2024,闵行,上海市骏博外国语学校,,754.5
2024,闵行,上海市骏博外国语学校,,724.5
2024,闵行,上海市闵行第三中学,,722
2024,闵行,上海市闵行第三中学,,748
2024,闵行,初中学校,,录取最低分     (含学业考总成绩和综合素质评价成绩)
2024,闵行,上海市闵行第三中学,,737
2024,闵行,上海市闵行第三中学,,724.5
2024,闵行,上海市闵行第三中学,,728.5
2024,闵行,上海市闵行第三中学,,725.5
2024,闵行,上海市闵行第三中学,,729.5
2024,闵行,上海市闵行区教育学院附属友爱实验中学,,718.5
2024,闵行,上海市闵行区教育学院附属友爱实验中学,,746.5
2024,闵行,上海市闵行区教育学院附属友爱实验中学,,740.5
2024,闵行,上海市闵行区教育学院附属友爱实验中学,,725
2024,闵行,上海市闵行区教育学院附属友爱实验中学,,741
2024,闵行,上海市闵行区教育学院附属友爱实验中学,,730
2024,闵行,上海交通大学附属第二中学,,722.5
2024,闵行,上海交通大学附属第二中学,,731.5
2024,闵行,上海交通大学附属第二中学,,746.5
2024,闵行,上海交通大学附属第二中学,,744
2024,闵行,上海交通大学附属第二中学,,735.5
2024,闵行,上海交通大学附属第二中学,,759.5
2024,闵行,上海交通大学附属第二中学,,730
2024,闵行,上海交通大学附属第二中学,,739.5
2024,闵行,上海市民办上宝中学,,709.5
2024,闵行,上海市民办上宝中学,,730
2024,闵行,上海市民办上宝中学,,756.5
2024,闵行,上海市民办上宝中学,,744
2024,闵行,上海市民办上宝中学,,734
2024,闵行,上海市民办上宝中学,,753
2024,闵行,上海市民办上宝中学,,721.5
2024,闵行,上海市七宝中学附属鑫都实验中学,,727
2024,闵行,上海市七宝中学附属鑫都实验中学,,704.5
2024,闵行,上海市七宝中学附属鑫都实验中学,,745
2024,闵行,上海市七宝中学附属鑫都实验中学,,738.5
2024,闵行,初中学校,,录取最低分     (含学业考总成绩和综合素质评价成绩)
2024,闵行,上海市七宝中学附属鑫都实验中学,,725
2024,闵行,上海市七宝中学附属鑫都实验中学,,746
2024,闵行,上海市七宝中学附属鑫都实验中学,,729.5
2024,闵行,上海市文来中学,,730.5
2024,闵行,上海市文来中学,,731.5
2024,闵行,上海市文来中学,,758
2024,闵行,上海市文来中学,,750.5
2024,闵行,上海市文来中学,,744
2024,闵行,上海市文来中学,,729.5
2024,闵行,上海市文来中学,,747.5
2024,闵行,上海市文来中学,,721
2024,闵行,上海市民办文绮中学,,726
2024,闵行,上海市民办文绮中学,,730.5
2024,闵行,上海市民办文绮中学,,741.5
2024,闵行,上海市民办文绮中学,,732
2024,闵行,上海市民办文绮中学,,731
2024,闵行,上海市民办文绮中学,,743
2024,闵行,上海市民办文绮中学,,733
2024,闵行,上海闵行区协和双语教科学校,,736.5
2024,闵行,上海闵行区协和双语教科学校,,749.5
2024,闵行,上海闵行区协和双语教科学校,,747
2024,闵行,上海闵行区协和双语教科学校,,737
2024,闵行,上海闵行区协和双语教科学校,,749
2024,闵行,上海闵行区协和双语教科学校,,722.5
2024,闵行,上海市闵行区诸翟学校,,736.5
2024,闵行,上海市闵行区诸翟学校,,755
2024,闵行,上海市闵行区诸翟学校,,736.5
2024,闵行,上海市闵行区诸翟学校,,725
2024,闵行,上海市闵行区诸翟学校,,730.5
2024,闵行,上海市闵行区诸翟学校,,728.5
2024,闵行,初中学校,,录取最低分     (含学业考总成绩和综合素质评价成绩)
2024,闵行,上海市闵行区诸翟学校,,716.5
2024,闵行,上海市金汇实验学校,,723.5
2024,闵行,上海市金汇实验学校,,663.5
2024,闵行,上海市金汇实验学校,,734
2024,闵行,上海市金汇实验学校,,751
2024,闵行,上海市金汇实验学校,,714
2024,闵行,上海市金汇实验学校,,732.5
2024,闵行,上海市金汇实验学校,,716.5
2024,闵行,上海市莘光学校,,727.5
2024,闵行,上海市莘光学校,,726
2024,闵行,上海市莘光学校,,754.5
2024,闵行,上海市莘光学校,,749
2024,闵行,上海市莘光学校,,744
2024,闵行,上海市莘光学校,,735.5
2024,闵行,上海市莘光学校,,742
2024,闵行,上海市莘光学校,,733.5
2024,闵行,上海市闵行区纪王学校,,728.5
2024,闵行,上海市闵行区纪王学校,,746.5
2024,闵行,上海市闵行区纪王学校,,729
2024,闵行,上海市闵行区纪王学校,,726.5
2024,闵行,上海市闵行区纪王学校,,727
2024,闵行,上海市闵行区纪王学校,,712
2024,闵行,上海市闵行区纪王学校,,720.5
2024,闵行,上海市马桥强恕学校,,740
2024,闵行,上海市马桥强恕学校,,753
2024,闵行,上海市马桥强恕学校,,743
2024,闵行,上海市马桥强恕学校,,728.5
2024,闵行,上海市马桥强恕学校,,739.5
2024,闵行,上海市马桥强恕学校,,745.5
2024,闵行,上海市马桥强恕学校,,724
2024,闵行,初中学校,,录取最低分     (含学业考总成绩和综合素质评价成绩)
2024,闵行,上海市古美学校,,735.5
2024,闵行,上海市古美学校,,732.5
2024,闵行,上海市古美学校,,736.5
2024,闵行,上海市古美学校,,730
2024,闵行,上海市古美学校,,742.5
2024,闵行,上海市古美学校,,727.5
2024,闵行,上海市古美学校,,725.5
2024,闵行,上海师范大学康城实验学校,,721.5
2024,闵行,上海师范大学康城实验学校,,726.5
2024,闵行,上海师范大学康城实验学校,,762
2024,闵行,上海师范大学康城实验学校,,735.5
2024,闵行,上海师范大学康城实验学校,,742
2024,闵行,上海师范大学康城实验学校,,728
2024,闵行,上海师范大学康城实验学校,,737.5
2024,闵行,上海师范大学康城实验学校,,724.5
2024,闵行,上海市莘城学校,,716.5
2024,闵行,上海市莘城学校,,740
2024,闵行,上海市莘城学校,,755
2024,闵行,上海市莘城学校,,753
2024,闵行,上海市莘城学校,,747
2024,闵行,上海市莘城学校,,735
2024,闵行,上海市莘城学校,,751
2024,闵行,上海市莘城学校,,728
2024,闵行,上海市闵行区明星学校,,721
2024,闵行,上海市闵行区明星学校,,744
2024,闵行,上海市闵行区明星学校,,735
2024,闵行,上海市闵行区明星学校,,729.5
2024,闵行,上海市闵行区明星学校,,732.5
2024,闵行,上海市闵行区明星学校,,715
2024,闵行,上海市闵行区明星学校,,730.5
2024,闵行,初中学校,,录取最低分     (含学业考总成绩和综合素质评价成绩)
2024,闵行,上海市闵行区文来实验学校,,714.5
2024,闵行,上海市闵行区文来实验学校,,719
2024,闵行,上海市闵行区文来实验学校,,726.5
2024,闵行,上海市闵行区文来实验学校,,725.5
2024,闵行,上海市闵行区文来实验学校,,724.5
2024,闵行,上海市闵行区文来实验学校,,710
2024,闵行,上海市闵行区君莲学校,,719.5
2024,闵行,上海市闵行区君莲学校,,728
2024,闵行,上海市闵行区君莲学校,,728
2024,闵行,上海市闵行区君莲学校,,735
2024,闵行,上海市闵行区君莲学校,,732
2024,闵行,上海市闵行区君莲学校,,743.5
2024,闵行,上海市闵行区君莲学校,,722
2024,闵行,上海市闵行区华漕学校,,715
2024,闵行,上海市闵行区华漕学校,,755
2024,闵行,上海市闵行区华漕学校,,732
2024,闵行,上海市闵行区华漕学校,,735
2024,闵行,上海市闵行区华漕学校,,724.5
2024,闵行,上海市闵行区华漕学校,,741
2024,闵行,上海市闵行区华漕学校,,708.5
2024,闵行,上海世外教育附属浦江外国语学校,,731.5
2024,闵行,上海世外教育附属浦江外国语学校,,730
2024,闵行,上海世外教育附属浦江外国语学校,,734.5
2024,闵行,上海世外教育附属浦江外国语学校,,731.5
2024,闵行,上海世外教育附属浦江外国语学校,,728.5
2024,闵行,上海世外教育附属浦江外国语学校,,740
2024,闵行,上海世外教育附属浦江外国语学校,,719
2024,闵行,华东理工大学附属闵行梅陇实验学校,,730
2024,闵行,华东理工大学附属闵行梅陇实验学校,,742
2024,闵行,华东理工大学附属闵行梅陇实验学校,,745
2024,闵行,初中学校,,录取最低分     (含学业考总成绩和综合素质评价成绩)
2024,闵行,华东理工大学附属闵行梅陇实验学校,,741.5
2024,闵行,华东理工大学附属闵行梅陇实验学校,,735
2024,闵行,华东理工大学附属闵行梅陇实验学校,,749.5
2024,闵行,华东理工大学附属闵行梅陇实验学校,,732.5
2024,闵行,上海市民办德英乐实验学校,,736.5
2024,闵行,上海市民办德英乐实验学校,,752.5
2024,闵行,上海市民办德英乐实验学校,,751.5
2024,闵行,上海市民办德英乐实验学校,,747
2024,闵行,上海市民办德英乐实验学校,,745.5
2024,闵行,上海市民办德英乐实验学校,,734
2024,闵行,上海市民办德英乐实验学校,,757
2024,闵行,上海市燎原双语学校,,689.5
2024,闵行,上海市燎原双语学校,,680.5
2024,闵行,上海市燎原双语学校,,733.5
2024,闵行,上海市燎原双语学校,,721
2024,闵行,上海市燎原双语学校,,697
2024,闵行,上海市燎原双语学校,,734.5
2024,闵行,上海市燎原双语学校,,679.5
2024,闵行,上海市民办协和双语尚音学校,,735
2024,闵行,上海市民办协和双语尚音学校,,745.5
2024,闵行,上海市民办协和双语尚音学校,,742
2024,闵行,上海市民办协和双语尚音学校,,749.5
2024,闵行,上海市民办协和双语尚音学校,,739.5
2024,闵行,上海市民办协和双语尚音学校,,747
2024,闵行,上海市民办协和双语尚音学校,,734.5
2024,闵行,上海市民办协和双语学校,,668.5
2024,闵行,上海市民办万源城协和双语学校,,724
2024,闵行,上海市民办万源城协和双语学校,,742
2024,闵行,上海市民办万源城协和双语学校,,744
2024,闵行,上海市民办万源城协和双语学校,,743.5
2024,闵行,初中学校,,录取最低分     (含学业考总成绩和综合素质评价成绩)
2024,闵行,上海市民办万源城协和双语学校,,734.5
2024,闵行,上海市民办万源城协和双语学校,,747
2024,闵行,上海市民办万源城协和双语学校,,719.5
2024,闵行,上海星河湾双语学校,,725
2024,闵行,上海博世凯外国语学校,,731.5
2024,闵行,上海博世凯外国语学校,,742.5
2024,闵行,上海博世凯外国语学校,,741.5
2024,闵行,上海博世凯外国语学校,,715
2024,闵行,上海博世凯外国语学校,,744
2024,闵行,上海博世凯外国语学校,,715
2024,闵行,上海博世凯外国语学校,,740
2024,闵行,上海闵行区万科双语学校,,691.5
2024,闵行,上海闵行区万科双语学校,,658.5
2024,闵行,上海民办圣华紫竹双语学校,,719.5
2024,闵行,上海民办圣华紫竹双语学校,,758
2024,闵行,上海民办圣华紫竹双语学校,,746.5
2024,闵行,上海民办圣华紫竹双语学校,,754
2024,闵行,上海民办圣华紫竹双语学校,,739
2024,闵行,上海民办圣华紫竹双语学校,,759.5
2024,闵行,上海民办圣华紫竹双语学校,,728.5
2024,闵行,上海闵行区民办德闳学校,,672.5
2024,青浦,初中学校,,录取最低分     (含学业考总成绩和综合素质评价成绩)
2024,青浦,上海市青浦区实验中学,,764
2024,青浦,上海市青浦区实验中学,,720.5
2024,青浦,上海市青浦区实验中学,,747
2024,青浦,上海市青浦区实验中学,,703
2024,青浦,上海市青浦区东方中学,,719
2024,青浦,上海市青浦区东方中学,,739.5
2024,青浦,上海市青浦区东方中学,,694
2024,青浦,上海市青浦区尚美中学,,722.5
2024,青浦,上海市青浦区尚美中学,,742.5
2024,青浦,上海市青浦区尚美中学,,699.5
2024,青浦,上海市青浦区徐泾中学,,720
2024,青浦,上海市青浦区徐泾中学,,741
2024,青浦,上海市青浦区徐泾中学,,698
2024,青浦,上海市青浦区凤溪中学,,720
2024,青浦,上海市青浦区凤溪中学,,734
2024,青浦,上海市青浦区凤溪中学,,706
2024,青浦,上海市青浦区重固中学,,708
2024,青浦,上海市青浦区重固中学,,747
2024,青浦,上海市青浦区重固中学,,701.5
2024,青浦,上海市青浦区豫才中学,,737.5
2024,青浦,上海市青浦区豫才中学,,718.5
2024,青浦,上海市青浦区豫才中学,,744
2024,青浦,上海市青浦区豫才中学,,695.5
2024,青浦,上海市青浦区华新中学,,721
2024,青浦,上海市青浦区华新中学,,742.5
2024,青浦,上海市青浦区华新中学,,696.5
2024,青浦,上海市青浦区白鹤中学,,743
2024,青浦,上海市青浦区白鹤中学,,702
2024,青浦,初中学校,,录取最低分     (含学业考总成绩和综合素质评价成绩)
2024,青浦,上海市青浦区白鹤中学,,712.5
2024,青浦,上海市青浦区白鹤中学,,692
2024,青浦,上海市青浦区珠溪中学,,701
2024,青浦,上海市青浦区珠溪中学,,722.5
2024,青浦,上海市青浦区珠溪中学,,694.5
2024,青浦,上海市青浦区沈巷中学,,688
2024,青浦,上海市青浦区沈巷中学,,673.5
2024,青浦,上海市青浦区沈巷中学,,681.5
2024,青浦,上海市青浦区颜安中学,,686
2024,青浦,上海市青浦区颜安中学,,699
2024,青浦,上海市青浦区颜安中学,,671
2024,青浦,上海市青浦区金泽中学,,691.5
2024,青浦,上海市青浦区金泽中学,,725
2024,青浦,上海市青浦区金泽中学,,668
2024,青浦,上海政法学院附属青浦崧淀中学,,711
2024,青浦,上海政法学院附属青浦崧淀中学,,730
2024,青浦,上海政法学院附属青浦崧淀中学,,692
2024,青浦,上海市教育学会青浦清河湾中学,,722.5
2024,青浦,上海市教育学会青浦清河湾中学,,742.5
2024,青浦,上海市教育学会青浦清河湾中学,,703.5
2024,青浦,上海市青浦区教师进修学院附属中学,,749
2024,青浦,上海市青浦区教师进修学院附属中学,,720.5
2024,青浦,上海市青浦区教师进修学院附属中学,,741.5
2024,青浦,上海市青浦区教师进修学院附属中学,,701.5
2024,青浦,上海市青浦区第一中学,,745.5
2024,青浦,上海市青浦区第一中学,,724
2024,青浦,上海市青浦区第一中学,,738.5
2024,青浦,上海市青浦区第一中学,,696
2024,青浦,上海市毓华学校,,659
2024,青浦,上海市毓华学校,,679.5
2024,青浦,初中学校,,录取最低分     (含学业考总成绩和综合素质评价成绩)
2024,青浦,上海市青浦区崧泽学校,,708.5
2024,青浦,上海市青浦区崧泽学校,,728.5
2024,青浦,上海市青浦区崧泽学校,,697
2024,青浦,上海市博文学校,,724.5
2024,青浦,上海市博文学校,,752.5
2024,青浦,上海市博文学校,,695.5
2024,青浦,上海市毓秀学校,,723.5
2024,青浦,上海市毓秀学校,,745
2024,青浦,上海市毓秀学校,,691
2024,青浦,上海宋庆龄学校,,710.5
2024,青浦,上海宋庆龄学校,,741.5
2024,青浦,上海宋庆龄学校,,683.5
2024,青浦,上海市佳信学校,,673.5
2024,青浦,上海市佳信学校,,719
2024,青浦,上海市佳信学校,,660.5
2024,青浦,上海五浦汇实验学校,,711.5
2024,青浦,上海五浦汇实验学校,,748.5
2024,青浦,上海五浦汇实验学校,,688
2024,青浦,上海青浦区世外学校,,725
2024,青浦,上海青浦区世外学校,,754.5
2024,青浦,上海青浦区世外学校,,668.5
2024,青浦,上海青浦平和双语学校,,706
2024,青浦,上海青浦平和双语学校,,736.5
2024,青浦,上海青浦平和双语学校,,669.5
2024,青浦,上海青浦区协和双语学校,,713
2024,青浦,上海青浦区协和双语学校,,735
2024,静安,初中学校,,录取最低分     (含学业考总成绩和综合素质评价成绩)
2024,静安,上海市市西初级中学,,737.5
2024,静安,上海市市西初级中学,,712
2024,静安,上海市市西初级中学,,703
2024,静安,上海市市西初级中学,,728
2024,静安,上海市市西初级中学,,658.5
2024,静安,上海市市西初级中学,,657
2024,静安,上海市市西初级中学,,673.5
2024,静安,上海市育才初级中学,,734
2024,静安,上海市育才初级中学,,718
2024,静安,上海市育才初级中学,,699.5
2024,静安,上海市育才初级中学,,722
2024,静安,上海市育才初级中学,,670.5
2024,静安,上海市静安区协和双语培明学校,,719.5
2024,静安,上海市静安区协和双语培明学校,,700
2024,静安,上海市静安区协和双语培明学校,,690
2024,静安,上海市静安区协和双语培明学校,,700.5
2024,静安,上海市静安区协和双语培明学校,,657.5
2024,静安,上海市静安区协和双语培明学校,,677.5
2024,静安,上海市静安区协和双语培明学校,,671.5
2024,静安,上海市静安区协和双语培明学校,,753.5
2024,静安,上海市时代中学,,726
2024,静安,上海市时代中学,,732
2024,静安,上海市时代中学,,699.5
2024,静安,上海市时代中学,,709.5
2024,静安,上海市时代中学,,666.5
2024,静安,上海市时代中学,,687
2024,静安,上海市时代中学,,670.5
2024,静安,上海市五四中学,,734
2024,静安,初中学校,,录取最低分     (含学业考总成绩和综合素质评价成绩)
2024,静安,上海市五四中学,,714
2024,静安,上海市五四中学,,704
2024,静安,上海市五四中学,,729
2024,静安,上海市五四中学,,675.5
2024,静安,上海市五四中学,,664
2024,静安,上海市五四中学,,679.5
2024,静安,民办上海上外静安外国语中学,,735.5
2024,静安,民办上海上外静安外国语中学,,710
2024,静安,民办上海上外静安外国语中学,,706
2024,静安,民办上海上外静安外国语中学,,724
2024,静安,民办上海上外静安外国语中学,,678
2024,静安,民办上海上外静安外国语中学,,657.5
2024,静安,民办上海上外静安外国语中学,,743.5
2024,静安,上海市静安区市北初级中学北校,,730.5
2024,静安,上海市静安区市北初级中学北校,,706
2024,静安,上海市静安区市北初级中学北校,,715
2024,静安,上海市静安区市北初级中学北校,,722
2024,静安,上海市静安区市北初级中学北校,,674.5
2024,静安,上海市静安区市北初级中学北校,,693.5
2024,静安,上海市静安区市北初级中学北校,,682.5
2024,静安,上海市静安区市北初级中学北校,,745
2024,静安,上海市新中初级中学,,748.5
2024,静安,上海市新中初级中学,,734
2024,静安,上海市新中初级中学,,707
2024,静安,上海市新中初级中学,,713
2024,静安,上海市新中初级中学,,728
2024,静安,上海市新中初级中学,,665.5
2024,静安,上海市新中初级中学,,686.5
2024,静安,上海市新中初级中学,,665.5
2024,静安,上海市静安区实验中学,,708.5
2024,静安,初中学校,,录取最低分     (含学业考总成绩和综合素质评价成绩)
2024,静安,上海市静安区实验中学,,707.5
2024,静安,上海市静安区实验中学,,704
2024,静安,上海市静安区实验中学,,711.5
2024,静安,上海市静安区实验中学,,666
2024,静安,上海市静安区实验中学,,686.5
2024,静安,上海市静安区实验中学,,685
2024,静安,上海市静安区实验中学,,740
2024,静安,上海市朝阳中学,,706.5
2024,静安,上海市朝阳中学,,686
2024,静安,上海市朝阳中学,,692
2024,静安,上海市朝阳中学,,674
2024,静安,上海市市北初级中学,,727
2024,静安,上海市市北初级中学,,706
2024,静安,上海市市北初级中学,,701.5
2024,静安,上海市市北初级中学,,717.5
2024,静安,上海市市北初级中学,,657
2024,静安,上海市市北初级中学,,687
2024,静安,上海市市北初级中学,,674
2024,静安,上海市风华初级中学,,741.5
2024,静安,上海市风华初级中学,,716.5
2024,静安,上海市风华初级中学,,715
2024,静安,上海市风华初级中学,,731.5
2024,静安,上海市风华初级中学,,657
2024,静安,上海市风华初级中学,,679
2024,静安,上海市风华初级中学,,661.5
2024,静安,上海市风华初级中学,,756
2024,静安,上海市彭浦初级中学,,736
2024,静安,上海市彭浦初级中学,,722.5
2024,静安,上海市彭浦初级中学,,721.5
2024,静安,上海市彭浦初级中学,,728.5
2024,静安,初中学校,,录取最低分     (含学业考总成绩和综合素质评价成绩)
2024,静安,上海市彭浦初级中学,,658
2024,静安,上海市彭浦初级中学,,690
2024,静安,上海市彭浦初级中学,,662
2024,静安,上海市彭浦初级中学,,754
2024,静安,上海外国语大学苏河湾实验中学,,736.5
2024,静安,上海外国语大学苏河湾实验中学,,712
2024,静安,上海外国语大学苏河湾实验中学,,704
2024,静安,上海外国语大学苏河湾实验中学,,729.5
2024,静安,上海外国语大学苏河湾实验中学,,669.5
2024,静安,上海外国语大学苏河湾实验中学,,691.5
2024,静安,上海外国语大学苏河湾实验中学,,684.5
2024,静安,上海市青云中学,,733.5
2024,静安,上海市青云中学,,721.5
2024,静安,上海市青云中学,,710.5
2024,静安,上海市青云中学,,727.5
2024,静安,上海市青云中学,,667.5
2024,静安,上海市青云中学,,688
2024,静安,上海市青云中学,,679
2024,静安,上海市岭南中学,,705.5
2024,静安,上海市岭南中学,,699
2024,静安,上海市岭南中学,,704
2024,静安,上海市岭南中学,,713.5
2024,静安,上海市岭南中学,,664
2024,静安,上海市岭南中学,,682.5
2024,静安,上海市岭南中学,,663
2024,静安,上海市保德中学,,674.5
2024,静安,上海市保德中学,,699.5
2024,静安,上海市保德中学,,681.5
2024,静安,上海市保德中学,,663.5
2024,静安,上海市保德中学,,746
2024,静安,初中学校,,录取最低分     (含学业考总成绩和综合素质评价成绩)
2024,静安,上海市彭浦第三中学,,719
2024,静安,上海市彭浦第三中学,,708
2024,静安,上海市彭浦第三中学,,713
2024,静安,上海市彭浦第三中学,,717.5
2024,静安,上海市彭浦第三中学,,675
2024,静安,上海市彭浦第三中学,,679
2024,静安,上海市彭浦第三中学,,676
2024,静安,上海市彭浦第四中学,,735.5
2024,静安,上海市彭浦第四中学,,710
2024,静安,上海市彭浦第四中学,,706
2024,静安,上海市彭浦第四中学,,722
2024,静安,上海市彭浦第四中学,,675.5
2024,静安,上海市彭浦第四中学,,691
2024,静安,上海市彭浦第四中学,,673
2024,静安,上海市回民中学,,741
2024,静安,上海市回民中学,,729
2024,静安,上海市回民中学,,702
2024,静安,上海市回民中学,,708
2024,静安,上海市回民中学,,664.5
2024,静安,上海市回民中学,,678
2024,静安,上海市回民中学,,670
2024,静安,上海市民立中学,,735.5
2024,静安,上海市民立中学,,717
2024,静安,上海市民立中学,,711.5
2024,静安,上海市民立中学,,722.5
2024,静安,上海市民立中学,,664
2024,静安,上海市民立中学,,660.5
2024,静安,上海市民立中学,,663.5
2024,静安,上海市第一中学,,735.5
2024,静安,上海市第一中学,,712
2024,静安,初中学校,,录取最低分     (含学业考总成绩和综合素质评价成绩)
2024,静安,上海市第一中学,,707
2024,静安,上海市第一中学,,720.5
2024,静安,上海市第一中学,,681.5
2024,静安,上海市第一中学,,662.5
2024,静安,上海市第一中学,,746
2024,静安,上海市久隆模范中学,,736
2024,静安,上海市久隆模范中学,,697.5
2024,静安,上海市久隆模范中学,,697.5
2024,静安,上海市久隆模范中学,,721
2024,静安,上海市久隆模范中学,,676
2024,静安,上海市久隆模范中学,,665
2024,静安,上海市久隆模范中学,,748.5
2024,静安,上海市闸北第八中学,,728.5
2024,静安,上海市闸北第八中学,,718.5
2024,静安,上海市闸北第八中学,,705.5
2024,静安,上海市闸北第八中学,,715.5
2024,静安,上海市闸北第八中学,,657.5
2024,静安,上海市闸北第八中学,,666.5
2024,静安,上海市闸北第八中学,,666.5
2024,静安,上海市闸北第八中学,,749
2024,静安,上海市华东模范中学,,726.5
2024,静安,上海市华东模范中学,,713.5
2024,静安,上海市华东模范中学,,701.5
2024,静安,上海市华东模范中学,,716
2024,静安,上海市华东模范中学,,693
2024,静安,上海市华东模范中学,,668.5
2024,静安,同济大学附属七一中学,,738.5
2024,静安,同济大学附属七一中学,,717
2024,静安,同济大学附属七一中学,,706.5
2024,静安,同济大学附属七一中学,,728
2024,静安,初中学校,,录取最低分     (含学业考总成绩和综合素质评价成绩)
2024,静安,同济大学附属七一中学,,676
2024,静安,同济大学附属七一中学,,669
2024,静安,同济大学附属七一中学,,676.5
2024,静安,同济大学附属七一中学,,748
2024,静安,上海市向东中学,,701.5
2024,静安,上海市向东中学,,693.5
2024,静安,上海市向东中学,,680
2024,静安,上海市向东中学,,698
2024,静安,上海市向东中学,,657
2024,静安,上海市向东中学,,675
2024,静安,上海市向东中学,,670.5
2024,静安,上海田家炳中学,,745
2024,静安,上海田家炳中学,,737.5
2024,静安,上海田家炳中学,,716.5
2024,静安,上海田家炳中学,,715.5
2024,静安,上海田家炳中学,,730.5
2024,静安,上海田家炳中学,,662.5
2024,静安,上海田家炳中学,,678.5
2024,静安,上海田家炳中学,,657
2024,静安,上海市民办扬波中学,,736
2024,静安,上海市民办扬波中学,,710
2024,静安,上海市民办扬波中学,,706.5
2024,静安,上海市民办扬波中学,,728
2024,静安,上海市民办扬波中学,,659.5
2024,静安,上海市民办扬波中学,,683
2024,静安,上海市民办扬波中学,,658.5
2024,静安,上海市民办扬波中学,,749
2024,静安,上海市民办新和中学,,725.5
2024,静安,上海市民办新和中学,,713.5
2024,静安,上海市民办新和中学,,708
2024,静安,初中学校,,录取最低分     (含学业考总成绩和综合素质评价成绩)
2024,静安,上海市民办新和中学,,713.5
2024,静安,上海市民办新和中学,,659
2024,静安,上海市民办新和中学,,681
2024,静安,上海市民办新和中学,,659
2024,静安,上海市民办风范中学,,731.5
2024,静安,上海市民办风范中学,,719.5
2024,静安,上海市民办风范中学,,715
2024,静安,上海市民办风范中学,,726.5
2024,静安,上海市民办风范中学,,661
2024,静安,上海市民办风范中学,,695.5
2024,静安,上海市民办风范中学,,684
2024,静安,上海市民办风范中学,,743
2024,静安,上海市爱国学校,,725
2024,静安,上海市爱国学校,,682
2024,静安,上海市爱国学校,,689.5
2024,静安,上海市爱国学校,,716.5
2024,静安,上海市爱国学校,,660.5
2024,静安,上海市爱国学校,,686
2024,静安,上海市爱国学校,,730
2024,静安,上海市静安区教育学院附属学校,,734.5
2024,静安,上海市静安区教育学院附属学校,,711
2024,静安,上海市静安区教育学院附属学校,,701.5
2024,静安,上海市静安区教育学院附属学校,,712.5
2024,静安,上海市静安区教育学院附属学校,,668
2024,静安,上海市静安区教育学院附属学校,,673.5
2024,静安,上海市静安区教育学院附属学校,,753.5
2024,静安,上海市华灵学校,,692.5
2024,静安,上海市华灵学校,,719
2024,静安,上海市华灵学校,,700.5
2024,静安,上海市华灵学校,,701
2024,静安,初中学校,,录取最低分     (含学业考总成绩和综合素质评价成绩)
2024,静安,上海市华灵学校,,686
2024,静安,上海市华灵学校,,658.5
2024,静安,上海市三泉学校,,711.5
2024,静安,上海市三泉学校,,684.5
2024,静安,上海市三泉学校,,687.5
2024,静安,上海市三泉学校,,683
2024,静安,上海市三泉学校,,662.5
2024,静安,上海市三泉学校,,673
2024,静安,上海市三泉学校,,668.5
2024,静安,上海戏剧学院附属静安学校,,735.5
2024,静安,上海戏剧学院附属静安学校,,722
2024,静安,上海戏剧学院附属静安学校,,704
2024,静安,上海戏剧学院附属静安学校,,727
2024,静安,上海戏剧学院附属静安学校,,667.5
2024,静安,上海戏剧学院附属静安学校,,666.5
2024,静安,上海戏剧学院附属静安学校,,669
2024,静安,上海市静安区大宁国际学校,,720.5
2024,静安,上海市静安区大宁国际学校,,707.5
2024,静安,上海市静安区大宁国际学校,,706
2024,静安,上海市静安区大宁国际学校,,732.5
2024,静安,上海市静安区大宁国际学校,,696.5
2024,静安,上海市静安区大宁国际学校,,665
2024,黄浦,初中学校,,录取最低分     (含学业考总成绩和综合素质评价成绩)
2024,黄浦,上海市格致初级中学,,738
2024,黄浦,上海市格致初级中学,,723
2024,黄浦,上海市格致初级中学,,733.5
2024,黄浦,上海市格致初级中学,,722
2024,黄浦,上海市格致初级中学,,709
2024,黄浦,上海市格致初级中学,,700
2024,黄浦,上海市格致初级中学,,678.5
2024,黄浦,上海市格致初级中学,,706
2024,黄浦,上海市格致初级中学,,676
2024,黄浦,上海市大同初级中学,,734
2024,黄浦,上海市大同初级中学,,727.5
2024,黄浦,上海市大同初级中学,,739
2024,黄浦,上海市大同初级中学,,723.5
2024,黄浦,上海市大同初级中学,,725.5
2024,黄浦,上海市大同初级中学,,691
2024,黄浦,上海市大同初级中学,,676.5
2024,黄浦,上海市大同初级中学,,702.5
2024,黄浦,上海市大同初级中学,,679.5
2024,黄浦,上海市向明初级中学,,727.5
2024,黄浦,上海市向明初级中学,,713.5
2024,黄浦,上海市向明初级中学,,734
2024,黄浦,上海市向明初级中学,,719
2024,黄浦,上海市向明初级中学,,711.5
2024,黄浦,上海市向明初级中学,,695
2024,黄浦,上海市向明初级中学,,677.5
2024,黄浦,上海市向明初级中学,,701.5
2024,黄浦,上海市向明初级中学,,694.5
2024,黄浦,上海外国语大学附属大境初级中学,,729.5
2024,黄浦,初中学校,,录取最低分     (含学业考总成绩和综合素质评价成绩)
2024,黄浦,上海外国语大学附属大境初级中学,,729
2024,黄浦,上海外国语大学附属大境初级中学,,720
2024,黄浦,上海外国语大学附属大境初级中学,,719.5
2024,黄浦,上海外国语大学附属大境初级中学,,697
2024,黄浦,上海外国语大学附属大境初级中学,,698.5
2024,黄浦,上海外国语大学附属大境初级中学,,685
2024,黄浦,上海外国语大学附属大境初级中学,,710
2024,黄浦,上海外国语大学附属大境初级中学,,692.5
2024,黄浦,上海市光明初级中学,,723
2024,黄浦,上海市光明初级中学,,730.5
2024,黄浦,上海市光明初级中学,,735.5
2024,黄浦,上海市光明初级中学,,714
2024,黄浦,上海市光明初级中学,,699.5
2024,黄浦,上海市光明初级中学,,702
2024,黄浦,上海市光明初级中学,,668.5
2024,黄浦,上海市光明初级中学,,708
2024,黄浦,上海市光明初级中学,,701.5
2024,黄浦,上海市敬业初级中学,,728
2024,黄浦,上海市敬业初级中学,,713
2024,黄浦,上海市敬业初级中学,,731.5
2024,黄浦,上海市敬业初级中学,,716
2024,黄浦,上海市敬业初级中学,,665
2024,黄浦,上海市敬业初级中学,,703
2024,黄浦,上海市敬业初级中学,,677.5
2024,黄浦,上海市敬业初级中学,,704
2024,黄浦,上海市敬业初级中学,,681.5
2024,黄浦,上海市卢湾中学,,733.5
2024,黄浦,上海市卢湾中学,,716
2024,黄浦,上海市卢湾中学,,734
2024,黄浦,上海市卢湾中学,,722.5
2024,黄浦,初中学校,,录取最低分     (含学业考总成绩和综合素质评价成绩)
2024,黄浦,上海市卢湾中学,,697
2024,黄浦,上海市卢湾中学,,707
2024,黄浦,上海市卢湾中学,,683
2024,黄浦,上海市卢湾中学,,705.5
2024,黄浦,上海市卢湾中学,,696.5
2024,黄浦,上海市卢湾中学,,758
2024,黄浦,上海市市八初级中学,,713
2024,黄浦,上海市市八初级中学,,720.5
2024,黄浦,上海市市八初级中学,,724
2024,黄浦,上海市市八初级中学,,689
2024,黄浦,上海市市八初级中学,,702
2024,黄浦,上海市市八初级中学,,678.5
2024,黄浦,上海市市八初级中学,,677.5
2024,黄浦,上海市市八初级中学,,686.5
2024,黄浦,上海市市八初级中学,,683.5
2024,黄浦,上海市尚文中学,,722.5
2024,黄浦,上海市尚文中学,,710
2024,黄浦,上海市尚文中学,,724.5
2024,黄浦,上海市尚文中学,,726
2024,黄浦,上海市尚文中学,,731
2024,黄浦,上海市尚文中学,,696
2024,黄浦,上海市尚文中学,,682
2024,黄浦,上海市尚文中学,,707
2024,黄浦,上海市尚文中学,,692
2024,黄浦,上海市尚文中学,,752.5
2024,黄浦,上海交通大学附属黄浦实验中学,,733.5
2024,黄浦,上海交通大学附属黄浦实验中学,,699.5
2024,黄浦,上海交通大学附属黄浦实验中学,,731.5
2024,黄浦,上海交通大学附属黄浦实验中学,,702.5
2024,黄浦,上海交通大学附属黄浦实验中学,,687
2024,黄浦,初中学校,,录取最低分     (含学业考总成绩和综合素质评价成绩)
2024,黄浦,上海交通大学附属黄浦实验中学,,670.5
2024,黄浦,上海交通大学附属黄浦实验中学,,676.5
2024,黄浦,上海交通大学附属黄浦实验中学,,688.5
2024,黄浦,上海交通大学附属黄浦实验中学,,687
2024,黄浦,上海市清华中学,,717
2024,黄浦,上海市清华中学,,712.5
2024,黄浦,上海市清华中学,,742
2024,黄浦,上海市清华中学,,714
2024,黄浦,上海市清华中学,,682.5
2024,黄浦,上海市清华中学,,671.5
2024,黄浦,上海市清华中学,,658.5
2024,黄浦,上海市清华中学,,685.5
2024,黄浦,上海市清华中学,,680
2024,黄浦,上海市民办明珠中学,,732.5
2024,黄浦,上海市民办明珠中学,,716.5
2024,黄浦,上海市民办明珠中学,,726.5
2024,黄浦,上海市民办明珠中学,,720
2024,黄浦,上海市民办明珠中学,,715.5
2024,黄浦,上海市民办明珠中学,,705
2024,黄浦,上海市民办明珠中学,,679
2024,黄浦,上海市民办明珠中学,,708
2024,黄浦,上海市民办明珠中学,,692
2024,黄浦,上海市民办明珠中学,,743.5
2024,黄浦,上海市民办立达中学,,738
2024,黄浦,上海市民办立达中学,,727.5
2024,黄浦,上海市民办立达中学,,743
2024,黄浦,上海市民办立达中学,,720
2024,黄浦,上海市民办立达中学,,713
2024,黄浦,上海市民办立达中学,,700.5
2024,黄浦,上海市民办立达中学,,662.5
2024,黄浦,初中学校,,录取最低分     (含学业考总成绩和综合素质评价成绩)
2024,黄浦,上海市民办立达中学,,702.5
2024,黄浦,上海市民办立达中学,,682
2024,黄浦,上海市震旦外国语中学,,721.5
2024,黄浦,上海市震旦外国语中学,,721.5
2024,黄浦,上海市震旦外国语中学,,721.5
2024,黄浦,上海市震旦外国语中学,,705
2024,黄浦,上海市震旦外国语中学,,712.5
2024,黄浦,上海市震旦外国语中学,,691.5
2024,黄浦,上海市震旦外国语中学,,674
2024,黄浦,上海市震旦外国语中学,,705
2024,黄浦,上海市震旦外国语中学,,685.5
2024,黄浦,上海市震旦外国语中学,,749
2024,黄浦,上海市第十中学,,714.5
2024,黄浦,上海市第十中学,,659
2024,黄浦,上海市第十中学,,720.5
2024,黄浦,上海市第十中学,,715.5
2024,黄浦,上海市第十中学,,694.5
2024,黄浦,上海市第十中学,,681
2024,黄浦,上海市第十中学,,696
2024,黄浦,上海市第十中学,,682
2024,黄浦,上海理工大学附属储能中学,,712.5
2024,黄浦,上海理工大学附属储能中学,,710.5
2024,黄浦,上海理工大学附属储能中学,,708.5
2024,黄浦,上海理工大学附属储能中学,,683
2024,黄浦,上海理工大学附属储能中学,,705
2024,黄浦,上海理工大学附属储能中学,,696
2024,黄浦,上海理工大学附属储能中学,,683
2024,黄浦,上海理工大学附属储能中学,,678.5
2024,黄浦,上海理工大学附属储能中学,,691
2024,黄浦,上海理工大学附属储能中学,,732
2024,黄浦,初中学校,,录取最低分     (含学业考总成绩和综合素质评价成绩)
2024,黄浦,上海市金陵中学,,719
2024,黄浦,上海市金陵中学,,728
2024,黄浦,上海市金陵中学,,726
2024,黄浦,上海市金陵中学,,709
2024,黄浦,上海市金陵中学,,690.5
2024,黄浦,上海市金陵中学,,671
2024,黄浦,上海市金陵中学,,681.5
2024,黄浦,上海市金陵中学,,681
2024,黄浦,上海市金陵中学,,689.5
2024,黄浦,上海市金陵中学,,752
2024,黄浦,上海市市南中学,,717
2024,黄浦,上海市市南中学,,700.5
2024,黄浦,上海市市南中学,,722
2024,黄浦,上海市市南中学,,712
2024,黄浦,上海市市南中学,,719.5
2024,黄浦,上海市市南中学,,687
2024,黄浦,上海市市南中学,,676
2024,黄浦,上海市市南中学,,688.5
2024,黄浦,上海市市南中学,,680
2024,黄浦,上海音乐学院附属黄浦比乐中学,,736.5
2024,黄浦,上海音乐学院附属黄浦比乐中学,,711
2024,黄浦,上海音乐学院附属黄浦比乐中学,,728
2024,黄浦,上海音乐学院附属黄浦比乐中学,,697.5
2024,黄浦,上海音乐学院附属黄浦比乐中学,,695.5
2024,黄浦,上海音乐学院附属黄浦比乐中学,,692
2024,黄浦,上海音乐学院附属黄浦比乐中学,,663.5
2024,黄浦,上海音乐学院附属黄浦比乐中学,,674
2024,黄浦,上海音乐学院附属黄浦比乐中学,,671
2024,黄浦,上海音乐学院附属黄浦比乐中学,,745
2024,黄浦,上海市黄浦区教育学院附属中山学校,,737.5
2024,黄浦,初中学校,,录取最低分     (含学业考总成绩和综合素质评价成绩)
2024,黄浦,上海市黄浦区教育学院附属中山学校,,712
2024,黄浦,上海市黄浦区教育学院附属中山学校,,731.5
2024,黄浦,上海市黄浦区教育学院附属中山学校,,714.5
2024,黄浦,上海市黄浦区教育学院附属中山学校,,725.5
2024,黄浦,上海市黄浦区教育学院附属中山学校,,696
2024,黄浦,上海市黄浦区教育学院附属中山学校,,679.5
2024,黄浦,上海市黄浦区教育学院附属中山学校,,699
2024,黄浦,上海市黄浦区教育学院附属中山学校,,691.5
2024,黄浦,上海市黄浦区教育学院附属中山学校,,747
2024,黄浦,上海民办永昌学校,,740
2024,黄浦,上海民办永昌学校,,724.5
2024,黄浦,上海民办永昌学校,,747.5
2024,黄浦,上海民办永昌学校,,712
2024,黄浦,上海民办永昌学校,,719.5
2024,黄浦,上海民办永昌学校,,700
2024,黄浦,上海民办永昌学校,,658
2024,黄浦,上海民办永昌学校,,695.5
2024,黄浦,上海民办永昌学校,,679
2024,黄浦,上海民办永昌学校,,756.5
2024,黄浦,上海康德双语实验学校,,724.5
2024,黄浦,上海康德双语实验学校,,672
2024,黄浦,上海市大同初级中学（原黄浦学校）,,745.5
2024,黄浦,上海市大同初级中学（原黄浦学校）,,668.5
2024,黄浦,上海市大同初级中学（原黄浦学校）,,732.5
2024,黄浦,上海市大同初级中学（原黄浦学校）,,720
2024,黄浦,上海市大同初级中学（原黄浦学校）,,708.5
2024,黄浦,上海市大同初级中学（原黄浦学校）,,715
2024,黄浦,上海市大同初级中学（原黄浦学校）,,689
2024,黄浦,上海市大同初级中学（原黄浦学校）,,706.5
2024,黄浦,上海市大同初级中学（原黄浦学校）,,687.5
